sku,name,store_view_code,dimension,dimensions_mm,i1out,operating_temperature_range,total_output_power_w,v1out_vdc,v2out_vdc,vin_range,series,errors
8801749,D1U3CS-D-850-12-HC4C,,"1U x 3.20 x 11.00","1U x 81.30 x 279.40",69.2," -10 to 50",850,12,3.3,"40 to 72",N/A,
8801734,D1U3CS-W-1200-12-HA3C,,"1U x 3.20 x 11.00","1U x 81.30 x 279.40",98.3," -10 to 50",1200,12,5,"90 to 264",N/A,
8801735,D1U3CS-W-1200-12-HA4C,,"1U x 3.20 x 11.00","1U x 81.30 x 279.40",98.3," -10 to 50",1200,12,5,"90 to 264",N/A,
8801736,D1U3CS-W-1200-12-HC3C,,"1U x 3.20 x 11.00","1U x 81.30 x 279.40",98.3," -10 to 50",1200,12,3.3,"90 to 264",N/A,
8801737,D1U3CS-W-1200-12-HC4C,,"1U x 3.20 x 11.00","1U x 81.30 x 279.40",98.3," -10 to 50",1200,12,3.3,"90 to 264",N/A,
8401804,D1U3CS-D-850-12-HC3C,,"1U x 3.20 x 11.00","1U x 81.30 x 279.40",69.2," -10 to 55",850,12,3.3,"90 to 264",N/A,
8801730,D1U3CS-W-850-12-HC3C,,"1U x 3.20 x 11.00","1U x 81.30 x 279.40",69.2," -10 to 55",850,12,3.3,"90 to 264",D1U3CS-W,
4401731-3,D1U3CS-W-850-12-HC4C,,"1U x 3.20 x 11.00","1U x 81.30 x 279.40",69.2," -10 to 55",850,12,3.3,"90 to 264",N/A,
MPL0039A,MPL0039A,,"1.77 x 3.31 x 0.51",,0.2," -10 to 60",50,40,40,"45.6 to 50.4",MPL0039,
MPL0039B,MPL0039B,,"1.77 x 3.31 x 0.51",,0.4," -10 to 60",50,40,40,"45.6 to 50.4",MPL0039,
MYSSM01204BENL,MYSSM01204BENL,,"1.2 x 0.8 x 0.5","30.2 x 20.9 x 12",4," -10 to 70",48,"5 to 12",,"17 to 40",N/A,
MYSSM01806BENL,MYSSM01806BENL,,"1.2 x 0.8 x 0.5","30.2 x 20.9 x 12",6," -10 to 70",108,"5 to 18",,"25 to 40",N/A,
PQC250-54,PQC250-54,,"3 x 5 x 1.4","76.2 x 127 x 35.2",4.6," -10 to 70",277,54,5,"90 to 264",N/A,
8941420,OKLP-X/25-W12-C,,"0.5 x 0.67 x 0.42","12.7 x 17.02 x 10.7",25," -20 to 70",49.5,0.8-3.6,,"7 to 13.2",N/A,
4401954,PQC250-54D,,"3 x 5 x 1.4","76.2 x 127 x 35.2",13.8," -20 to 70",250,54,5,"90 to 264",N/A,
4401998,PQC250-54DRT,,"3 x 5 x 1.4","76.2 x 127 x 35.2",13.8," -20 to 70",250,54,5,"90 to 264",PQC250,
IHB60T480512-C,IHB60T480512-C,,"2.3 x 2.4 x 0.5","58.4 x 61 x 12.7",12," -40 to 100",60,5.1,12,"33 to 76",N/A,
VKP100MT312,VKP100MT312,,"2.3 x 2.4 x 0.5","58.4 x 61 x 12.7",30," -40 to 100",100,3.3,12,"33 to 75",N/A,
VKP100MT312C,VKP100MT312C,,"2.3 x 2.4 x 0.5","58.4 x 61 x 12.7",30," -40 to 100",100,3.3,12,"33 to 75",N/A,
VKP100MT515,VKP100MT515,,"2.3 x 2.4 x 0.5","58.4 x 61 x 12.7",20," -40 to 100",100,5,15,"33 to 75",N/A,
VKP60LT312C,VKP60LT312C,,"2.3 x 2.4 x 0.5","58.4 x 61 x 12.7",18," -40 to 100",60,3.3,12,"18 to 40",N/A,
VKP60LT315C,VKP60LT315C,,"2.3 x 2.4 x 0.5","58.4 x 61 x 12.7",18," -40 to 100",60,3.3,15,"18 to 40",N/A,
VKP60LT512C,VKP60LT512C,,"2.3 x 2.4 x 0.5","58.4 x 61 x 12.7",12," -40 to 100",60,5.1,12,"18 to 40",N/A,
VKP60LT515C,VKP60LT515C,,"2.3 x 2.4 x 0.5","58.4 x 61 x 12.7",12," -40 to 100",60,5.1,15,"18 to 40",N/A,
VKP60MT312,VKP60MT312,,"2.3 x 2.4 x 0.5","58.4 x 61 x 12.7",18," -40 to 100",60,3.3,12,"33 to 75",N/A,
VKP60MT312C,VKP60MT312C,,"2.3 x 2.4 x 0.5","58.4 x 61 x 12.7",18," -40 to 100",60,3.3,12,"33 to 75",N/A,
VKP60MT315,VKP60MT315,,"2.3 x 2.4 x 0.5","58.4 x 61 x 12.7",18," -40 to 100",60,3.3,15,"33 to 75",N/A,
VKP60MT315C,VKP60MT315C,,"2.3 x 2.4 x 0.5","58.4 x 61 x 12.7",18," -40 to 100",60,3.3,15,"33 to 75",N/A,
VKP60MT512,VKP60MT512,,"2.3 x 2.4 x 0.5","58.4 x 61 x 12.7",12," -40 to 100",60,5.1,12,"33 to 75",N/A,
VKP60MT512C,VKP60MT512C,,"2.3 x 2.4 x 0.5","58.4 x 61 x 12.7",12," -40 to 100",60,5.1,12,"33 to 75",N/A,
VKP60MT515,VKP60MT515,,"2.3 x 2.4 x 0.5","58.4 x 61 x 12.7",12," -40 to 100",60,5,15,"33 to 75",N/A,
VKP60MT515C,VKP60MT515C,,"2.3 x 2.4 x 0.5","58.4 x 61 x 12.7",12," -40 to 100",60,5,15,"33 to 75",N/A,
8960004,HEN-1.2/25-D12-C,,"0.90 x 2.23 x 0.46",,25," -40 to 105",30,1.2,,"10.2 to 13.8",N/A,
8960005,HEN-1.2/25-D12H-C,,"0.90 x 2.23 x 0.46",,25," -40 to 105",30,1.2,,"10.2 to 13.8",N/A,
8960006,HEN-1.2/25-D12M-C,,"0.90 x 2.3 x 0.46",,25," -40 to 105",30,1.2,,"10.2 to 13.8",N/A,
8960007,HEN-1.2/25-D12MH-C,,"0.90 x 2.3 x 0.46",,25," -40 to 105",30,1.2,,"10.2 to 13.8",N/A,
8960008,HEN-1.5/25-D12-C,,"0.90 x 2.23 x 0.46",,25," -40 to 105",38,1.5,,"10.2 to 13.8",N/A,
8960009,HEN-1.5/25-D12H-C,,"0.90 x 2.23 x 0.46",,25," -40 to 105",38,1.5,,"10.2 to 13.8",N/A,
8960010,HEN-1.5/25-D12M-C,,"0.90 x 2.3 x 0.46",,25," -40 to 105",38,1.5,,"10.2 to 13.8",N/A,
8960011,HEN-1.5/25-D12MH-C,,"0.90 x 2.3 x 0.46",,25," -40 to 105",38,1.5,,"10.2 to 13.8",N/A,
8808762,ICF0184V1NC,,"2.3 x 1.45 x 0.57","58.4 x 36.8 x 14.5",84," -40 to 105",1000,12,,"9 to 36",ICF,
8808761,ICF0184V1PC,,"2.3 x 1.45 x 0.57","58.4 x 36.8 x 14.5",84," -40 to 105",1000,12,,"9 to 36",ICF,
8808738,ICF0621V1NC,,"2.3 x 1.45 x 0.57","58.4 x 36.8 x 14.5",21," -40 to 105",1000,48,,"9 to 36",ICF,
8808737,ICF0621V1PC,,"2.3 x 1.45 x 0.57","58.4 x 36.8 x 14.5",21," -40 to 105",1000,48,,"9 to 36",ICF,
8808742,ICF0719V1NC,,"2.3 x 1.45 x 0.57","58.4 x 36.8 x 14.5",19," -40 to 105",1000,53,,"9 to 36",ICF,
8808741,ICF0719V1PC,,"2.3 x 1.45 x 0.57","58.4 x 36.8 x 14.5",19," -40 to 105",1000,53,,"9 to 36",ICF,
8913028,LEN-5/25-D12B-C,,"0.90 x 2.23 x 0.46",,25," -40 to 105",125,5,,"10.2 to 13.8",N/A,
8913026,LEN-5/25-D12-C,,"0.90 x 2.23 x 0.46",,25," -40 to 105",125,5,,"10.2 to 13.8",N/A,
8913027,LEN-5/25-D12H-C,,"0.90 x 2.23 x 0.46",,25," -40 to 105",125,5,,"10.2 to 13.8",N/A,
8926620,LEN-5/25-D12L1-C,,"0.90 x 2.23 x 0.46",,25," -40 to 105",125,5,,"10.2 to 13.8",N/A,
8913030,LEN-5/25-D12MB-C,,"0.90 x 2.3 x 0.46",,25," -40 to 105",125,5,,"10.2 to 13.8",N/A,
8913025,LEN-5/25-D12M-C,,"0.90 x 2.3 x 0.46",,25," -40 to 105",125,5,,"10.2 to 13.8",N/A,
8913029,LEN-5/25-D12MH-C,,"0.90 x 2.3 x 0.46",,25," -40 to 105",125,5,,"10.2 to 13.8",N/A,
8121341,ULQ-1.5/25-D24N,,"1.35 x 2.22 x 0.375","34.3 x 56.4 x 9.53",25," -40 to 105",38,1.5,,"18 to 36",N/A,
8921341,ULQ-1.5/25-D24N-C,,"1.35 x 2.22 x 0.375","34.3 x 56.4 x 9.53",25," -40 to 105",38,1.5,,"18 to 36",N/A,
8170003,ULQ-1.5/25-D24NM,,"1.45 x 2.30 x 0.35","36.8 x 58.4 x 8.9",25," -40 to 105",38,1.5,,"18 to 36",N/A,
8121344,ULQ-1.5/25-D24P,,"1.35 x 2.22 x 0.375","34.3 x 56.4 x 9.53",25," -40 to 105",38,1.5,,"18 to 36",N/A,
8970018,ULQ-1.5/25-D24P-C,,"1.35 x 2.22 x 0.375","34.3 x 56.4 x 9.53",25," -40 to 105",38,1.5,,"18 to 36",N/A,
8170005,ULQ-1.5/25-D24PM,,"1.45 x 2.30 x 0.35","36.8 x 58.4 x 8.9",25," -40 to 105",38,1.5,,"18 to 36",N/A,
8170072,ULQ-1.5/25-D48N,,"1.35 x 2.22 x 0.375","34.3 x 56.4 x 9.53",25," -40 to 105",38,1.5,,"36 to 75",N/A,
8970020,ULQ-1.5/25-D48N-C,,"1.35 x 2.22 x 0.375","34.3 x 56.4 x 9.53",25," -40 to 105",38,1.5,,"36 to 75",N/A,
8170081,ULQ-1.5/25-D48NM,,"1.45 x 2.30 x 0.35","36.8 x 58.4 x 8.9",25," -40 to 105",38,1.5,,"36 to 75",N/A,
8170071,ULQ-1.5/25-D48P,,"1.35 x 2.22 x 0.375","34.3 x 56.4 x 9.53",25," -40 to 105",38,1.5,,"36 to 75",N/A,
8970022,ULQ-1.5/25-D48P-C,,"1.35 x 2.22 x 0.375","34.3 x 56.4 x 9.53",25," -40 to 105",38,1.5,,"36 to 75",N/A,
8170082,ULQ-1.5/25-D48PM,,"1.45 x 2.30 x 0.35","36.8 x 58.4 x 8.9",25," -40 to 105",38,1.5,,"36 to 75",N/A,
8121342,ULQ-1.8/25-D24N,,"1.35 x 2.22 x 0.375","34.3 x 56.4 x 9.53",25," -40 to 105",45,1.8,,"18 to 36",N/A,
8970028,ULQ-1.8/25-D24N-C,,"1.35 x 2.22 x 0.375","34.3 x 56.4 x 9.53",25," -40 to 105",45,1.8,,"18 to 36",N/A,
8170009,ULQ-1.8/25-D24NM,,"1.45 x 2.30 x 0.35","36.8 x 58.4 x 8.9",25," -40 to 105",45,1.8,,"18 to 36",N/A,
8121345,ULQ-1.8/25-D24P,,"1.35 x 2.22 x 0.375","34.3 x 56.4 x 9.53",25," -40 to 105",45,1.8,,"18 to 36",N/A,
8970030,ULQ-1.8/25-D24P-C,,"1.35 x 2.22 x 0.375","34.3 x 56.4 x 9.53",25," -40 to 105",45,1.8,,"18 to 36",N/A,
8170012,ULQ-1.8/25-D24PM,,"1.45 x 2.30 x 0.35","36.8 x 58.4 x 8.9",25," -40 to 105",45,1.8,,"18 to 36",N/A,
8170074,ULQ-1.8/25-D48N,,"1.35 x 2.22 x 0.375","34.3 x 56.4 x 9.53",25," -40 to 105",45,1.8,,"36 to 75",N/A,
8970112,ULQ-1.8/25-D48N-C,,"1.35 x 2.22 x 0.375","34.3 x 56.4 x 9.53",25," -40 to 105",45,1.8,,"36 to 75",N/A,
8170084,ULQ-1.8/25-D48NM,,"1.45 x 2.30 x 0.35","36.8 x 58.4 x 8.9",25," -40 to 105",45,1.8,,"36 to 75",N/A,
8170073,ULQ-1.8/25-D48P,,"1.35 x 2.22 x 0.375","34.3 x 56.4 x 9.53",25," -40 to 105",45,1.8,,"36 to 75",N/A,
8970113,ULQ-1.8/25-D48P-C,,"1.35 x 2.22 x 0.375","34.3 x 56.4 x 9.53",25," -40 to 105",45,1.8,,"36 to 75",N/A,
8170083,ULQ-1.8/25-D48PM,,"1.45 x 2.30 x 0.35","36.8 x 58.4 x 8.9",25," -40 to 105",45,1.8,,"36 to 75",N/A,
8121343,ULQ-2/25-D24N,,"1.35 x 2.22 x 0.375","34.3 x 56.4 x 9.53",25," -40 to 105",50,2,,"18 to 36",N/A,
8970077,ULQ-2/25-D24N-C,,"1.35 x 2.22 x 0.375","34.3 x 56.4 x 9.53",25," -40 to 105",50,2,,"18 to 36",N/A,
8170038,ULQ-2/25-D24NM,,"1.45 x 2.30 x 0.35","36.8 x 58.4 x 8.9",25," -40 to 105",50,2,,"18 to 36",N/A,
8121346,ULQ-2/25-D24P,,"1.35 x 2.22 x 0.375","34.3 x 56.4 x 9.53",25," -40 to 105",50,2,,"18 to 36",N/A,
8970079,ULQ-2/25-D24P-C,,"1.35 x 2.22 x 0.375","34.3 x 56.4 x 9.53",25," -40 to 105",50,2,,"18 to 36",N/A,
8170040,ULQ-2/25-D24PM,,"1.45 x 2.30 x 0.35","36.8 x 58.4 x 8.9",25," -40 to 105",50,2,,"18 to 36",N/A,
8170076,ULQ-2/25-D48N,,"1.35 x 2.22 x 0.375","34.3 x 56.4 x 9.53",25," -40 to 105",50,2,,"36 to 75",N/A,
8970081,ULQ-2/25-D48N-C,,"1.35 x 2.22 x 0.375","34.3 x 56.4 x 9.53",25," -40 to 105",50,2,,"36 to 75",N/A,
8170086,ULQ-2/25-D48NM,,"1.45 x 2.30 x 0.35","36.8 x 58.4 x 8.9",25," -40 to 105",50,2,,"36 to 75",N/A,
8170075,ULQ-2/25-D48P,,"1.35 x 2.22 x 0.375","34.3 x 56.4 x 9.53",25," -40 to 105",50,2,,"36 to 75",N/A,
8970083,ULQ-2/25-D48P-C,,"1.35 x 2.22 x 0.375","34.3 x 56.4 x 9.53",25," -40 to 105",50,2,,"36 to 75",N/A,
8170085,ULQ-2/25-D48PM,,"1.45 x 2.30 x 0.35",,25," -40 to 105",50,2,,"36 to 75",N/A,
8999504,DBQ0135V1N2BC,,"1.45 x 2.3 x 0.5","36.8 x 58.4 x 12.7",35," -40 to 110",420,12,,"36 to 75",N/A,
8999510,DBQ0135V1N2BSC,,"1.45 x 2.3 x 0.5","36.9 x 58.4 x 12.7",35," -40 to 110",420,12,,"36 to 75",N/A,
8999502,DBQ0135V1NBC,,"1.45 x 2.3 x 0.5","36.8 x 58.4 x 12.7",35," -40 to 110",420,12,,"36 to 75",N/A,
8999505,DBQ0135V1P2BC,,"1.45 x 2.3 x 0.5","36.8 x 58.4 x 12.7",35," -40 to 110",420,12,,"36 to 75",N/A,
8999511,DBQ0135V1P2BSC,,"1.45 x 2.3 x 0.5","36.8 x 58.4 x 12.7",35," -40 to 110",420,12,,"36 to 75",N/A,
8999503,DBQ0135V1PBC,,"1.45 x 2.3 x 0.5","36.8 x 58.4 x 12.7",35," -40 to 110",420,12,,"36 to 75",N/A,
8999507,DBQ0135V1PBSC,,"1.45 x 2.3 x 0.5","36.8 x 58.4 x 12.7",35," -40 to 110",420,12,,"36 to 75",N/A,
8999549,DVQ0135V1NBC,,"1.45 x 2.3 x 0.5","36.8 x 58.4 x 12.7",35," -40 to 110",420,12,,"36 to 75",N/A,
8999553,DVQ0135V1NBSC,,"1.45 x 2.3 x 0.5","36.8 x 58.4 x 12.7",35," -40 to 110",420,12,,"36 to 75",N/A,
CME0303S3C,CME0303S3C,,"0.45 x 0.236 x 0.293","11.48 x 6.00 x 7.46",0.227," -40 to 85",0.75,3.3,,"2.97 to 3.63",N/A,
CME0305S3C,CME0305S3C,,"0.45 x 0.236 x 0.293","11.48 x 6.00 x 7.46",0.15," -40 to 85",0.75,5,,"2.97 to 3.63",N/A,
CRE1S0305S3C,CRE1S0305S3C,,"0.454 x 0.240 x 0.294","11.53 x 6.10 x 7.46",0.2," -40 to 85",1,5,,"2.97 to 3.63",N/A,
8999631,DBE0125V2NBSC,,"2.3 x 0.9 x 0.52","58.4 x 22.9 x 13.2",25," -40 to 85",300,12,,"36 to 75",N/A,
8999633,DBE0125V2NC,,"2.3 x 0.9 x 0.46","58.4 x 22.9 x 11.7",25," -40 to 85",300,12,,"36 to 75",N/A,
8999639,DBE0125V2NSC,,"2.3 x 0.9 x 0.46","58.4 x 22.9 x 11.7",25," -40 to 85",300,12,,"36 to 75",N/A,
8999628,DBE0125V2PBC,,"2.3 x 0.9 x 0.52","58.4 x 22.9 x 13.2",25," -40 to 85",300,12,,"36 to 75",N/A,
8999632,DBE0125V2PBSC,,"2.3 x 0.9 x 0.52","58.4 x 22.9 x 13.2",25," -40 to 85",300,12,,"36 to 75",N/A,
8999634,DBE0125V2PC,,"2.3 x 0.9 x 0.46","58.4 x 22.9 x 11.7",25," -40 to 85",300,12,,"36 to 75",N/A,
8999640,DBE0125V2PSC,,"2.3 x 0.9 x 0.46","58.4 x 22.9 x 11.7",25," -40 to 85",300,12,,"36 to 75",N/A,
8999854,DRQ-11.4/88-L48NB-C,,"2.3 x 1.45 x 0.57","58.4 x 36.8 x 14.5",88," -40 to 85",986,11.2,,"36 to 60",DRQ,
8999894,DRQ-11.4/88-L48NBS-C,,"2.3 x 1.45 x 0.57","58.4 x 36.8 x 14.5",88," -40 to 85",986,11.2,,"36 to 60",DRQ,
8999889,DRQ-11.4/88-L48PB-C,,"2.3 x 1.45 x 0.57","58.4 x 36.8 x 14.5",88," -40 to 85",986,11.2,,"36 to 60",DRQ,
8999891,DRQ-11.4/88-L48PBS-C,,"2.3 x 1.45 x 0.57","58.4 x 36.8 x 14.5",88," -40 to 85",986,11.2,,"36 to 60",DRQ,
8999612,DRQ-12/42-D48PK-C,,"2.3 x 1.45 x 1.1","58.4 x 36.8 x 27.94",43.5," -40 to 85",500,12,,"38 to 75",DRQ-12/42,
8999684,DRQ-12/50-L48PKSL2-C,,"2.3 x 1.45 x 1.1","58.4 x 36.8 x 27.94",50," -40 to 85",600,12,,"44 to 60",DRQ-12/50,
8999643,DVE0125V2NBC,,"2.3 x 0.9 x 0.52","58.4 x 22.9 x 13.2",25," -40 to 85",300,12,,"36 to 75",N/A,
8999642,DVE0125V2NBSC,,"2.3 x 0.9 x 0.52","58.4 x 22.9 x 13.2",25," -40 to 85",300,12,,"36 to 75",N/A,
8999641,DVE0125V2NC,,"2.3 x 0.9 x 0.46","58.4 x 22.9 x 11.7",25," -40 to 85",300,12,,"36 to 75",N/A,
8999644,DVE0125V2NSC,,"2.3 x 0.9 x 0.46","58.4 x 22.9 x 11.7",25," -40 to 85",300,12,,"36 to 75",N/A,
8999645,DVE0125V2PBC,,"2.3 x 0.9 x 0.52","58.4 x 22.9 x 13.2",25," -40 to 85",300,12,,"36 to 75",N/A,
8999646,DVE0125V2PBSC,,"2.3 x 0.9 x 0.52","58.4 x 22.9 x 13.2",25," -40 to 85",300,12,,"36 to 75",N/A,
8999647,DVE0125V2PC,,"2.3 x 0.9 x 0.46","58.4 x 22.9 x 11.7",25," -40 to 85",300,12,,"36 to 75",N/A,
8999648,DVE0125V2PSC,,"2.3 x 0.9 x 0.46","58.4 x 22.9 x 11.7",25," -40 to 85",300,12,,"36 to 75",N/A,
8900161,EMH-54/3-Q48NB-C,,"2.3 x 2.4 x 0.5","58.4 x 61 x 12.7",3," -40 to 85",162,54,,"18 to 72",EMH-54/3-Q48,
8900160,EMH-54/3-Q48N-C,,"2.3 x 2.4 x 0.43","58.4 x 61 x 10.92",3," -40 to 85",162,54,,"18 to 72",N/A,
8999048,HPQ-12/25-D48NB-C,,"1.45 x 2.3 x 0.5","36.8 x 58.4 x 12.7",25," -40 to 85",300,12,,"36 to 75",N/A,
8999049,HPQ-12/25-D48NBH-C,,"1.45 x 2.3 x 0.5","36.8 x 58.4 x 12.7",25," -40 to 85",300,12,,"36 to 75",N/A,
8999044,HPQ-12/25-D48N-C,,"1.45 x 2.3 x 0.49","36.8 x 58.4 x 12.4",25," -40 to 85",300,12,,"36 to 75",N/A,
8999045,HPQ-12/25-D48NH-C,,"1.45 x 2.3 x 0.49","36.8 x 58.4 x 12.4",25," -40 to 85",300,12,,"36 to 75",N/A,
8970816,HPQ-12/25-D48NX-C,,"1.45 x 2.3 x 0.49","36.8 x 58.4 x 12.4",25," -40 to 85",300,12,,"36 to 75",N/A,
8999050,HPQ-12/25-D48PB-C,,"1.45 x 2.3 x 0.5","36.8 x 58.4 x 12.7",25," -40 to 85",300,12,,"36 to 75",N/A,
8999051,HPQ-12/25-D48PBH-C,,"1.45 x 2.3 x 0.5","36.8 x 58.4 x 12.7",25," -40 to 85",300,12,,"36 to 75",HPQ-12,
8999025,HPQ-12/25-D48PBX-C,,"1.45 x 2.3 x 0.5","36.8 x 58.4 x 12.7",25," -40 to 85",300,12,,"36 to 75",N/A,
8999046,HPQ-12/25-D48P-C,,"1.45 x 2.3 x 0.49","36.8 x 58.4 x 12.4",25," -40 to 85",300,12,,"36 to 75",N/A,
8999047,HPQ-12/25-D48PH-C,,"1.45 x 2.3 x 0.49","36.8 x 58.4 x 12.4",25," -40 to 85",300,12,,"36 to 75",N/A,
8970801,HPQ-3.3/50-D48NB-C,,"1.45 x 2.3 x 0.5","36.8 x 58.4 x 12.7",50," -40 to 85",165,3.3,,"36 to 75",N/A,
8970804,HPQ-3.3/50-D48PB-C,,"1.45 x 2.3 x 0.5","36.8 x 58.4 x 12.7",50," -40 to 85",165,3.3,,"36 to 75",N/A,
8970810,HPQ-8.3/22-D48NB-C,,"1.45 x 2.3 x 0.5","36.8 x 58.4 x 12.7",22," -40 to 85",183,8.3,,"36 to 75",N/A,
8970811,HPQ-8.3/22-D48NBH-C,,"1.45 x 2.3 x 0.5","36.8 x 58.4 x 12.7",22," -40 to 85",183,8.3,,"36 to 75",N/A,
8970919,HPQ-8.3/22-D48NBX-C,,"1.45 x 2.3 x 0.5","36.8 x 58.4 x 12.7",22," -40 to 85",183,8.3,,"36 to 75",N/A,
8970813,HPQ-8.3/22-D48PB-C,,"1.45 x 2.3 x 0.5","36.8 x 58.4 x 12.7",22," -40 to 85",183,8.3,,"36 to 75",N/A,
8970815,HPQ-8.3/22-D48PBH-C,,"1.45 x 2.3 x 0.5","36.8 x 58.4 x 12.7",22," -40 to 85",183,8.3,,"36 to 75",N/A,
8928143,IRS-12/4.5-Q12N-C,,"1.44 x 1.04 x 0.50","36.6 x 26.4 x 12.7",4.5," -40 to 85",54,12,,"9 to 36",IRS-Q12,
8928144,IRS-12/4.5-Q12NF-C,,"1.44 x 1.50 x 0.50","36.6 x 38.1 x 12.7",4.5," -40 to 85",54,12,,"9 to 36",IRS-Q12,
8928145,IRS-12/4.5-Q12P-C,,"1.44 x 1.04 x 0.50","36.6 x 26.4 x 12.7",4.5," -40 to 85",54,12,,"9 to 36",IRS-Q12,
8928146,IRS-12/4.5-Q12PF-C,,"1.44 x 1.50 x 0.50","36.6 x 38.1 x 12.7",4.5," -40 to 85",54,12,,"9 to 36",IRS-Q12,
8999982,IRS-12/4.5-Q48N-C,,"1.44 x 1.04 x 0.50","36.47 x 26.31 x 12.7",4.5," -40 to 85",54,12,,"18 to 75",IRS-Q48,
8999984,IRS-12/4.5-Q48NF-C,,"1.44 x 1.50 x 0.50","36.47 x 38.1 x 12.7",4.5," -40 to 85",54,12,,"18 to 75",IRS-Q48,
8999983,IRS-12/4.5-Q48P-C,,"1.44 x 1.04 x 0.50","36.47 x 26.31 x 12.7",4.5," -40 to 85",54,12,,"18 to 75",IRS-Q48,
8999985,IRS-12/4.5-Q48PF-C,,"1.44 x 1.50 x 0.50","36.47 x 38.1 x 12.7",4.5," -40 to 85",54,12,,"18 to 75",IRS-Q48,
8928147,IRS-15/3-Q12N-C,,"1.44 x 1.04 x 0.50","36.6 x 26.4 x 12.7",3.3," -40 to 85",49.5,15,,"9 to 36",IRS-Q12,
8928148,IRS-15/3-Q12NF-C,,"1.44 x 1.50 x 0.50","36.6 x 38.1 x 12.7",3.3," -40 to 85",49.5,15,,"9 to 36",IRS-Q12,
8928149,"IRS-15/3-Q12P-C ",,"1.44 x 1.04 x 0.50","36.6 x 26.4 x 12.7",3.3," -40 to 85",49.5,15,,"9 to 36",IRS-Q12,
8928150,IRS-15/3-Q12PF-C,,"1.44 x 1.50 x 0.50","36.6 x 38.1 x 12.7",3.3," -40 to 85",49.5,15,,"9 to 36",IRS-Q12,
8928151,IRS-24/2-Q12N-C,,"1.44 x 1.04 x 0.50","36.6 x 26.4 x 12.7",2," -40 to 85",48,24,,"9 to 36",IRS-Q12,
8928154,IRS-24/2-Q12PF-C,,"1.44 x 1.50 x 0.50","36.6 x 38.1 x 12.7",2," -40 to 85",48,24,,"9 to 36",IRS-Q12,
8928135,IRS-3.3/15-Q12N-C,,"1.44 x 1.04 x 0.50","36.6 x 26.4 x 12.7",15," -40 to 85",49.5,3.3,,"9 to 36",IRS-Q12,
8928136,IRS-3.3/15-Q12NF-C,,"1.44 x 1.50 x 0.50","36.6 x 38.1 x 12.7",15," -40 to 85",49.5,3.3,,"9 to 36",IRS-Q12,
8928137,IRS-3.3/15-Q12P-C,,"1.44 x 1.04 x 0.50","36.6 x 26.4 x 12.7",15," -40 to 85",49.5,3.3,,"9 to 36",IRS-Q12,
8928138,IRS-3.3/15-Q12PF-C,,"1.44 x 1.50 x 0.50","36.6 x 38.1 x 12.7",15," -40 to 85",49.5,3.3,,"9 to 36",IRS-Q12,
8999974,IRS-3.3/15-Q48N-C,,"1.44 x 1.04 x 0.50","36.47 x 26.31 x 12.7",15," -40 to 85",49.5,3.3,,"18 to 75",IRS-Q48,
8999976,IRS-3.3/15-Q48NF-C,,"1.44 x 1.50 x 0.50","36.47 x 38.1 x 12.7",15," -40 to 85",49.5,3.3,,"18 to 75",IRS-Q48,
8999975,IRS-3.3/15-Q48P-C,,"1.44 x 1.04 x 0.50","36.47 x 26.31 x 12.7",15," -40 to 85",49.5,3.3,,"18 to 75",IRS-Q48,
8999977,IRS-3.3/15-Q48PF-C,,"1.44 x 1.50 x 0.50","36.47 x 38.1 x 12.7",15," -40 to 85",49.5,3.3,,"18 to 75",IRS-Q48,
8928140,"IRS-5/10-Q12NF-C ",,"1.44 x 1.50 x 0.50","36.6 x 38.1 x 12.7",10," -40 to 85",50,5,,"9 to 36",IRS-Q12,
8928141,"IRS-5/10-Q12P-C ",,"1.44 x 1.04 x 0.50","36.6 x 26.4 x 12.7",10," -40 to 85",50,5,,"9 to 36",IRS-Q12,
8928142,"IRS-5/10-Q12PF-C ",,"1.44 x 1.50 x 0.50","36.6 x 38.1 x 12.7",10," -40 to 85",50,5,,"9 to 36",IRS-Q12,
8999978,IRS-5/10-Q48N-C,,"1.44 x 1.04 x 0.50","36.47 x 26.31 x 12.7",10," -40 to 85",50,5,,"18 to 75",IRS-Q48,
8999981,IRS-5/10-Q48NF-C,,"1.44 x 1.50 x 0.50","36.47 x 38.1 x 12.7",10," -40 to 85",50,5,,"18 to 75",IRS-Q48,
8999979,IRS-5/10-Q48P-C,,"1.44 x 1.04 x 0.50","36.47 x 26.31 x 12.7",10," -40 to 85",50,5,,"18 to 75",IRS-Q48,
8999986,IRS-5/10-Q48PF-C,,"1.44 x 1.50 x 0.50","36.47 x 38.1 x 12.7",10," -40 to 85",50,5,,"18 to 75",IRS-Q48,
MEE1S0303DC,MEE1S0303DC,,"0.457 x 0.390 x 0.272","11.6 x  x 9.9 x 6.9",0.303," -40 to 85",1,3.3,,"2.97 to 3.63",N/A,
MEE1S0303SC,MEE1S0303SC,,"0.454 x 0.240 x 0.394","11.53 x 6.10 x 10",0.303," -40 to 85",1,3.3,,"2.97 to 3.63",N/A,
MEE1S0305DC,MEE1S0305DC,,"0.457 x 0.390 x 0.272","11.6 x  x 9.9 x 6.9",0.2," -40 to 85",1,5,,"2.97 to 3.63",N/A,
MEE1S0305SC,MEE1S0305SC,,"0.454 x 0.240 x 0.394","11.53 x 6.10 x 10",0.2," -40 to 85",1,5,,"2.97 to 3.63",N/A,
MEE1S0309DC,MEE1S0309DC,,"0.457 x 0.390 x 0.272","11.6 x  x 9.9 x 6.9",1529," -40 to 85",1,9,,"2.97 to 3.63",N/A,"Value for 'i1out' attribute contains incorrect value, see acceptable values on settings specified for Admin"
MEE1S0309SC,MEE1S0309SC,,"0.454 x 0.240 x 0.394","11.53 x 6.10 x 10",1529," -40 to 85",1,9,,"2.97 to 3.63",N/A,"Value for 'i1out' attribute contains incorrect value, see acceptable values on settings specified for Admin"
MEE1S0312DC,MEE1S0312DC,,"0.457 x 0.390 x 0.272","11.6 x  x 9.9 x 6.9",0.083," -40 to 85",1,12,,"2.97 to 3.63",N/A,
MEE1S0312SC,MEE1S0312SC,,"0.454 x 0.240 x 0.394","11.53 x 6.10 x 10",0.083," -40 to 85",1,12,,"2.97 to 3.63",N/A,
MEE1S0315DC,MEE1S0315DC,,"0.457 x 0.390 x 0.272","11.6 x  x 9.9 x 6.9",0.067," -40 to 85",1,15,,"2.97 to 3.63",N/A,
MEE1S0315SC,MEE1S0315SC,,"0.454 x 0.240 x 0.394","11.53 x 6.10 x 10",0.067," -40 to 85",1,15,,"2.97 to 3.63",N/A,
MEJ1S0303SC,MEJ1S0303SC,,"0.774 x 0.396 x 0.498","19.65 x 10.05 x 12.65",0.303," -40 to 85",1,3.3,,"2.97 to 3.63",N/A,
MEJ1S0305SC,MEJ1S0305SC,,"0.774 x 0.396 x 0.498","19.65 x 10.05 x 12.65",0.2," -40 to 85",1,5,,"2.97 to 3.63",N/A,
MEJ2S0303SC,MEJ2S0303SC,,"0.774 x 0.396 x 0.498","19.65 x 10.05 x 12.65",0.606," -40 to 85",2,3.3,,"2.97 to 3.63",N/A,
MEJ2S0305SC,MEJ2S0305SC,,"0.774 x 0.396 x 0.498","19.65 x 10.05 x 12.65",0.4," -40 to 85",2,5,,"2.97 to 3.63",N/A,
MEU1S0303ZC,MEU1S0303ZC,,"0.327 x 0.240 x 0.313","8.30 x 6.10 x 7.95",0.303," -40 to 85",1,3.3,,"2.97 to 3.63",N/A,
MEU1S0305ZC,MEU1S0305ZC,,"0.327 x 0.240 x 0.313","8.30 x 6.10 x 7.95",0.2," -40 to 85",1,5,,"2.97 to 3.63",N/A,
MEU1S0309ZC,MEU1S0309ZC,,"0.327 x 0.240 x 0.313","8.30 x 6.10 x 7.95",1529," -40 to 85",1,9,,"2.97 to 3.63",N/A,"Value for 'i1out' attribute contains incorrect value, see acceptable values on settings specified for Admin"
MEU1S0312ZC,MEU1S0312ZC,,"0.327 x 0.240 x 0.313","8.30 x 6.10 x 7.95",0.083," -40 to 85",1,12,,"2.97 to 3.63",N/A,
MEU1S0315ZC,MEU1S0315ZC,,"0.327 x 0.240 x 0.313","8.30 x 6.10 x 7.95",0.067," -40 to 85",1,15,,"2.97 to 3.63",N/A,
MEU1S0503ZC,MEU1S0503ZC,,"0.327 x 0.240 x 0.313","8.30 x 6.10 x 7.95",0.303," -40 to 85",1,3.3,,"4.5 to 5.5",N/A,
MEU1S0505ZC,MEU1S0505ZC,,"0.327 x 0.240 x 0.313","8.30 x 6.10 x 7.95",0.2," -40 to 85",1,5,,"4.5 to 5.5",N/A,
MEU1S0509ZC,MEU1S0509ZC,,"0.327 x 0.240 x 0.313","8.30 x 6.10 x 7.95",1529," -40 to 85",1,9,,"4.5 to 5.5",N/A,"Value for 'i1out' attribute contains incorrect value, see acceptable values on settings specified for Admin"
MEU1S0512ZC,MEU1S0512ZC,,"0.327 x 0.240 x 0.313","8.30 x 6.10 x 7.95",0.083," -40 to 85",1,12,,"4.5 to 5.5",N/A,
MEU1S0515ZC,MEU1S0515ZC,,"0.327 x 0.240 x 0.313","8.30 x 6.10 x 7.95",0.067," -40 to 85",1,15,,"4.5 to 5.5",N/A,
MEU1S1205ZC,MEU1S1205ZC,,"0.327 x 0.240 x 0.313","8.30 x 6.10 x 7.95",0.2," -40 to 85",1,5,,"10.8 to 13.2",N/A,
MEU1S1209ZC,MEU1S1209ZC,,"0.327 x 0.240 x 0.313","8.30 x 6.10 x 7.95",1529," -40 to 85",1,9,,"10.8 to 13.2",N/A,"Value for 'i1out' attribute contains incorrect value, see acceptable values on settings specified for Admin"
MEU1S1212ZC,MEU1S1212ZC,,"0.327 x 0.240 x 0.313","8.30 x 6.10 x 7.95",0.083," -40 to 85",1,12,,"10.8 to 13.2",N/A,
MEU1S1215ZC,MEU1S1215ZC,,"0.327 x 0.240 x 0.313","8.30 x 6.10 x 7.95",0.067," -40 to 85",1,15,,"10.8 to 13.2",N/A,
MTE1S0303MC,MTE1S0303MC,,"0.500 x 0.433 x 0.278","12.70 x 11.00 x 7.05",0.303," -40 to 85",1,3.3,,"2.97 to 3.63",N/A,
MTE1S0305MC,MTE1S0305MC,,"0.500 x 0.433 x 0.278","12.70 x 11.00 x 7.05",0.2," -40 to 85",1,5,,"2.97 to 3.63",N/A,
MTE1S0309MC,MTE1S0309MC,,"0.500 x 0.433 x 0.278","12.70 x 11.00 x 7.05",1529," -40 to 85",1,9,,"2.97 to 3.63",N/A,"Value for 'i1out' attribute contains incorrect value, see acceptable values on settings specified for Admin"
MTE1S0312MC,MTE1S0312MC,,"0.500 x 0.433 x 0.278","12.70 x 11.00 x 7.05",0.083," -40 to 85",1,12,,"2.97 to 3.63",N/A,
MTE1S0315MC,MTE1S0315MC,,"0.500 x 0.433 x 0.278","12.70 x 11.00 x 7.05",0.067," -40 to 85",1,15,,"2.97 to 3.63",N/A,
MTU1D0305MC,MTU1D0305MC,,"0.323 x 0.331 x 0.335","8.2 x 8.4 x 8.5",0.1," -40 to 85",1,5," -5","2.97 to 3.63",N/A,
MTU1S0305MC,MTU1S0305MC,,"0.323 x 0.331 x 0.335","8.2 x 8.4 x 8.5",0.2," -40 to 85",1,5,,"2.97 to 3.63",N/A,
MTU2S0305MC,MTU2S0305MC,,"0.323 x 0.331 x 0.335","8.2 x 8.4 x 8.5",0.4," -40 to 85",2,5,,"2.97 to 3.63",N/A,
NKA0303DC,NKA0303DC,,"0.768 x 0.386 x 0.213","19.5 x 9.8 x 5.4",0.152," -40 to 85",1,3.3," -3.3","2.97 to 3.63",NKA,
NKA0303SC,NKA0303SC,,"0.652 x 0.234 x 0.297","16.55 x 5.95 x 7.55",0.152," -40 to 85",1,3.3," -3.3","2.97 to 3.63",N/A,
NKA0305DC,NKA0305DC,,"0.768 x 0.386 x 0.213","19.5 x 9.8 x 5.4",0.1," -40 to 85",1,5," -5","2.97 to 3.63",NKA,
NKA0305SC,NKA0305SC,,"0.652 x 0.234 x 0.297","16.55 x 5.95 x 7.55",0.1," -40 to 85",1,5," -5","2.97 to 3.63",N/A,
NKA0309DC,NKA0309DC,,"0.768 x 0.386 x 0.213","19.5 x 9.8 x 5.4",0.056," -40 to 85",1,9," -9","2.97 to 3.63",NKA,
NKA0309SC,NKA0309SC,,"0.652 x 0.234 x 0.297","16.55 x 5.95 x 7.55",0.056," -40 to 85",1,9," -9","2.97 to 3.63",NKA,
NKA0312DC,NKA0312DC,,"0.768 x 0.386 x 0.213","19.5 x 9.8 x 5.4",0.042," -40 to 85",1,12," -12","2.97 to 3.63",N/A,
NKA0312SC,NKA0312SC,,"0.652 x 0.234 x 0.297","16.55 x 5.95 x 7.55",0.042," -40 to 85",1,12," -12","2.97 to 3.63",N/A,
NKA0315DC,NKA0315DC,,"0.768 x 0.386 x 0.213","19.5 x 9.8 x 5.4",0.033," -40 to 85",1,15," -15","2.97 to 3.63",NKA,
NKA0315SC,NKA0315SC,,"0.652 x 0.234 x 0.297","16.55 x 5.95 x 7.55",0.033," -40 to 85",1,15," -15","2.97 to 3.63",N/A,
NKE0303DC,NKE0303DC,,"0.386 x 0.453 x 0.212","9.8 x 11.5 x 5.4",0.303," -40 to 85",1,3.3,,"2.97 to 3.63",N/A,
NKE0303SC,NKE0303SC,,"0.454 x 0.240 x 0.294","11.53 x 6.1 x 7.46",0.303," -40 to 85",1,3.3,,"2.97 to 3.63",N/A,
NKE0305DC,NKE0305DC,,"0.386 x 0.453 x 0.212","9.8 x 11.5 x 5.4",0.2," -40 to 85",1,5,,"2.97 to 3.63",N/A,
NKE0305SC,NKE0305SC,,"0.454 x 0.240 x 0.294","11.53 x 6.1 x 7.46",0.2," -40 to 85",1,5,,"2.97 to 3.63",N/A,
NKE0309DC,NKE0309DC,,"0.386 x 0.453 x 0.212","9.8 x 11.5 x 5.4",1529," -40 to 85",1,9,,"2.97 to 3.63",N/A,"Value for 'i1out' attribute contains incorrect value, see acceptable values on settings specified for Admin"
NKE0309SC,NKE0309SC,,"0.454 x 0.240 x 0.294","11.53 x 6.1 x 7.46",1529," -40 to 85",1,9,,"2.97 to 3.63",N/A,"Value for 'i1out' attribute contains incorrect value, see acceptable values on settings specified for Admin"
NKE0312DC,NKE0312DC,,"0.39 x 0.45 x 0.21","9.8 x 11.5 x 5.4",0.083," -40 to 85",1,12,,"2.97 to 3.63",N/A,
NKE0315DC,NKE0315DC,,"0.39 x 0.45 x 0.21","9.8 x 11.5 x 5.4",0.066," -40 to 85",1,15,,"2.97 to 3.63",N/A,
NME0505DC,NME0505DC,,"0.457 x0.39 x 0.272","11.6 x 9.9 x 6.9",0.2," -40 to 85",1,5,,"4.5 to 5.5",N/A,
NME0505DPC,NME0505DPC,,"0.457 x0.39 x 0.272","11.6 x 9.9 x 6.9",0.2," -40 to 85",1,5,,"4.5 to 5.5",N/A,
NME0509DC,NME0509DC,,"0.457 x0.39 x 0.272","11.6 x 9.9 x 6.9",1529," -40 to 85",1,9,,"4.5 to 5.5",N/A,"Value for 'i1out' attribute contains incorrect value, see acceptable values on settings specified for Admin"
NME0512DC,NME0512DC,,"0.457 x0.39 x 0.272","11.6 x 9.9 x 6.9",0.083," -40 to 85",1,12,,"4.5 to 5.5",N/A,
NME0515DC,NME0515DC,,"0.457 x0.39 x 0.272","11.6 x 9.9 x 6.9",0.067," -40 to 85",1,15,,"4.5 to 5.5",N/A,
NME0524DC,NME0524DC,,"0.457 x0.39 x 0.272","11.6 x 9.9 x 6.9",0.042," -40 to 85",1,24,,"4.5 to 5.5",N/A,
NME1205DC,NME1205DC,,"0.457 x0.39 x 0.272","11.6 x 9.9 x 6.9",0.2," -40 to 85",1,5,,"10.8 to 13.2",N/A,
NME1212DC,NME1212DC,,"0.457 x0.39 x 0.272","11.6 x 9.9 x 6.9",0.083," -40 to 85",1,12,,"10.8 to 13.2",N/A,
NME1215DC,NME1215DC,,"0.457 x0.39 x 0.272","11.6 x 9.9 x 6.9",0.067," -40 to 85",1,15,,"10.8 to 13.2",N/A,
NME2405DC,NME2405DC,,"0.457 x0.39 x 0.272","11.6 x 9.9 x 6.9",0.2," -40 to 85",1,5,,"21.6 to 26.4",N/A,
NME2412DC,NME2412DC,,"0.457 x0.39 x 0.272","11.6 x 9.9 x 6.9",0.083," -40 to 85",1,12,,"21.6 to 26.4",N/A,
NME2415DC,NME2415DC,,"0.457 x0.39 x 0.272","11.6 x 9.9 x 6.9",0.067," -40 to 85",1,15,,"21.6 to 26.4",N/A,
NMJ0303SAC,NMJ0303SAC,,"0.768 x 0.386 x 0.492","19.5 x 9.8 x 12.5",0.303," -40 to 85",1,3.3,,"2.97 to 3.63",N/A,
NTA0303MC,NTA0303MC,,"0.6 x 0.441 x 0.26","15.24 x 11.2 x 6.6",0.152," -40 to 85",1,3.3," -3.3","2.97 to 3.63",N/A,
NTA0303MC-R,NTA0303MC-R,,"0.6 x 0.441 x 0.26","15.24 x 11.2 x 6.6",0.152," -40 to 85",1,3.3," -3.3","2.97 to 3.63",NTA,
NTA0305MC,NTA0305MC,,"0.6 x 0.441 x 0.26","15.24 x 11.2 x 6.6",0.1," -40 to 85",1,5," -5","2.97 to 3.63",N/A,
NTA0305MC-R,NTA0305MC-R,,"0.6 x 0.441 x 0.26","15.24 x 11.2 x 6.6",0.1," -40 to 85",1,5," -5","2.97 to 3.63",NTA,
NTA0309MC,NTA0309MC,,"0.6 x 0.441 x 0.26","15.24 x 11.2 x 6.6",0.055," -40 to 85",1,9," -9","2.97 to 3.63",N/A,
NTA0309MC-R,NTA0309MC-R,,"0.6 x 0.441 x 0.26","15.24 x 11.2 x 6.6",0.055," -40 to 85",1,9," -9","2.97 to 3.63",NTA,
NTE0303MC,NTE0303MC,,"0.5 x 0.441 x 0.26","12.7 x 11.2 x 6.6",0.303," -40 to 85",1,3.3,,"2.97 to 3.63",N/A,
NTE0303MC-R,NTE0303MC-R,,"0.5 x 0.441 x 0.26","12.7 x 11.2 x 6.6",0.303," -40 to 85",1,3.3,,"2.97 to 3.63",N/A,
NTE0305MC,NTE0305MC,,"0.5 x 0.441 x 0.26","12.7 x 11.2 x 6.6",0.2," -40 to 85",1,5,,"2.97 to 3.63",N/A,
NTE0305MC-R,NTE0305MC-R,,"0.5 x 0.441 x 0.26","12.7 x 11.2 x 6.6",0.2," -40 to 85",1,5,,"2.97 to 3.63",N/A,
NTE0309MC,NTE0309MC,,"0.5 x 0.441 x 0.26","12.7 x 11.2 x 6.6",1529," -40 to 85",1,9,,"2.97 to 3.63",N/A,"Value for 'i1out' attribute contains incorrect value, see acceptable values on settings specified for Admin"
NTE0309MC-R,NTE0309MC-R,,"0.5 x 0.441 x 0.26","12.7 x 11.2 x 6.6",1529," -40 to 85",1,9,,"2.97 to 3.63",N/A,"Value for 'i1out' attribute contains incorrect value, see acceptable values on settings specified for Admin"
NTE0312MC,NTE0312MC,,"0.5 x 0.441 x 0.26","12.7 x 11.2 x 6.6",0.083," -40 to 85",1,12,,"2.97 to 3.63",N/A,
NTE0312MC-R,NTE0312MC-R,,"0.5 x 0.441 x 0.26","12.7 x 11.2 x 6.6",0.083," -40 to 85",1,12,,"2.97 to 3.63",N/A,
NTE0315MC,NTE0315MC,,"0.5 x 0.441 x 0.26","12.7 x 11.2 x 6.6",0.066," -40 to 85",1,15,,"2.97 to 3.63",N/A,
NTE0315MC-R,NTE0315MC-R,,"0.5 x 0.441 x 0.26","12.7 x 11.2 x 6.6",0.066," -40 to 85",1,15,,"2.97 to 3.63",N/A,
NXE1S0303MC,NXE1S0303MC,,"0.5 x 0.410 x 0.172","12.70 x 10.41 x 4.36",0.303," -40 to 85",1,3.3,,"2.97 to 3.63",NXE1,
NXE1S0305MC,NXE1S0305MC,,"0.5 x 0.410 x 0.172","12.70 x 10.41 x 4.36",0.2," -40 to 85",1,5,,"2.97 to 3.63",NXE1,
NXJ1S0303MC,NXJ1S0303MC,,"0.540 x 0.412 x 0.172","13.72 x 10.46 x 4.36",0.333," -40 to 85",1,3.3,,"2.97 to 3.63",NXJ1,
NXJ1S0305MC,NXJ1S0305MC,,"0.540 x 0.412 x 0.172","13.72 x 10.46 x 4.36",0.2," -40 to 85",1,5,,"2.97 to 3.63",NXJ1,
NXJ2S0505MC,NXJ2S0505MC,,"0.63 x 0.57 x 0.124","16 x 14.48 x 3.16",400," -40 to 85",2,5,,"4.5 to 5.5",NXJ2,
NXJ2S1212MC,NXJ2S1212MC,,"0.63 x 0.57 x 0.124","16 x 14.48 x 3.16",167," -40 to 85",2,12,,"10.8 to 13.2",NXJ2,
NXJ2S1215MC,NXJ2S1215MC,,"0.63 x 0.57 x 0.124","16 x 14.48 x 3.16",133," -40 to 85",2,15,,"10.8 to 13.2",NXJ2,
NXJ2S2405MC,NXJ2S2405MC,,"0.63 x 0.57 x 0.124","16 x 14.48 x 3.16",400," -40 to 85",2,5,,"21.6 to 26.4",NXJ2,
NXJ2S2415MC,NXJ2S2415MC,,"0.63 x 0.57 x 0.124","16 x 14.48 x 3.16",133," -40 to 85",2,15,,"21.6 to 26.4",NXJ2,
OKDH-T/20-W12-001-C,OKDH-T/20-W12-001-C,,"1.01 x 0.543 x 0.323","25.65 x 13.8 x 8.2 mm",20," -40 to 85",66,0.6-3.3,,"4.5 to 14",N/A,
OKDH-T/25-W12-001-C,OKDH-T/25-W12-001-C,,"1.01 x 0.543 x 0.323","25.65 x 13.8 x 8.2 mm",25," -40 to 85",82.5,0.6-3.3,,"4.5 to 14",N/A,
OKDX-T/25-W12-001-C,OKDX-T/25-W12-001-C,,"1.035 x 0.30 x 0.614","26.3 x 7.6 x 15.6",25," -40 to 85",82.5,0.6-3.3,,"4.5 to 14",N/A,
OKDY-T/20-W12-001-C,OKDY-T/20-W12-001-C,,"1.01 x 0.543 x 0.323","25.65 x 13.8 x 8.2 mm",20," -40 to 85",66,0.6-3.3,,"4.5 to 14",N/A,
OKDY-T/25-W12-001-C,OKDY-T/25-W12-001-C,,"1.01 x 0.543 x 0.323","25.65 x 13.8 x 8.2 mm",25," -40 to 85",82.5,0.6-3.3,,"4.5 to 14",N/A,
8808510,OKL2-T/12-W12N2-C,,"0.8 x 0.45 x 0.34","20.32 x 11.43 x 8.55",12," -40 to 85",60,"0.69 - 5.5",,"4.5 to 14",N/A,
8808508,OKL2-T/12-W12P2-C,,"0.8 x 0.45 x 0.34","20.32 x 11.43 x 8.55",12," -40 to 85",60,"0.69 - 5.5",,"4.5 to 14",OKL2-T/12-W12,
8808514,OKL2-T/20-W12N2-C,,"1.3 x 0.53 x 0.34","33.02 x 13.46 x 8.75",20," -40 to 85",100,"0.69 - 5.5",,"4.5 to 14",N/A,
8808512,OKL2-T/20-W12P2-C,,"1.3 x 0.53 x 0.34","33.02 x 13.46 x 8.75",20," -40 to 85",100,"0.69 - 5.5",,"4.5 to 14",N/A,
8941292,OKLF-T/25-W12N-C,,"1.3 x 0.53 x 0.48","33 x 13.5 x 12.2",25," -40 to 85",90.75,0.6-3.3,,"6.5 to 14",OKLF-T/25-W12N-C,
8941475,OKR-T/20-W12-C,,"1.45 x 0.61 x 0.44","36.8 x 15.5 x 11.2",20," -40 to 85",100,"0.591 - 5",,"6 - 13.8",OKR-T/20,
8941476,OKR-T/30-W12-C,,"1.2 x 0.61 x 0.71 ","30.5 x 15.5 x 18.1",30," -40 to 85",180,0.591-6.0,,"5.5 - 13.8",OKR-T/30,
8941477,OKR-T/50-W12-C,,"1.1 x 1.45 x 0.61 ","27.9 x 36.8 x 15.5",50," -40 to 85",125,"0.6 - 2.5",,"6.5 - 13.8",OKR-T/50,
8999494,PAH-28/12.5-D24PB-C,,"2.3 x 2.4 x 0.5",58.42x60.96x12.70,12.5," -40 to 85",350,28,,"18 to 36",PAH,
8957405,PAQ-29/5-D48NB3-C,,"1.45 x 2.3 x 0.5","36.8 x 58.4 x 12.7",5," -40 to 85",149,29.8,,"36 to 75",N/A,
8957400,PAQ-29/5-D48NB-C,,"1.45 x 2.3 x 0.5","36.8 x 58.4 x 12.7",5," -40 to 85",149,29.8,,"36 to 75",N/A,
8957404,PAQ-29/5-D48PB3-C,,"1.45 x 2.3 x 0.5","36.8 x 58.4 x 12.7",5," -40 to 85",149,29.8,,"36 to 75",N/A,
8957403,PAQ-29/5-D48PB-C,,"1.45 x 2.3 x 0.5","36.8 x 58.4 x 12.7",5," -40 to 85",149,29.8,,"36 to 75",N/A,
8937104,RBC-12/17-D48NB-C,,"1.45 x 2.3 x 0.5","36.8 x 58.4 x 12.7",17," -40 to 85",210,12,,"36 to 75",N/A,
8937105,RBC-12/17-D48PB-C,,"1.45 x 2.3 x 0.5","36.8 x 58.4 x 12.7",17," -40 to 85",210,12,,"36 to 75",N/A,
8999430,RBE-12/20-D48NB-C,,"2.3 x 0.9 x 0.5","58.4 x 22.9 x 12.7",20," -40 to 85",240,12,,"36 to 75",N/A,
8999431,RBE-12/20-D48NBH-C,,"2.3 x 0.9 x 0.5","58.4 x 22.9 x 12.7",20," -40 to 85",240,12,,"36 to 75",RBE-12/20-D48,
8999433,RBE-12/20-D48PB-C,,"2.3 x 0.9 x 0.5","58.4 x 22.9 x 12.7",20," -40 to 85",240,12,,"36 to 75",N/A,
8999435,RBE-12/20-D48PBH-C,,"2.3 x 0.9 x 0.5","58.4 x 22.9 x 12.7",20," -40 to 85",240,12,,"36 to 75",N/A,
8999384,RBQ-12/33-D48NB-C,,"1.45 x 2.3 x 0.5","36.8 x 58.4 x 12.7",33," -40 to 85",396,12,,"36 to 75",N/A,
8999385,RBQ-12/33-D48NBH-C,,"1.45 x 2.3 x 0.5","36.8 x 58.4 x 12.7",33," -40 to 85",396,12,,"36 to 75",N/A,
8999474,RBQ-12/33-D48NBS-C,,"1.45 x 2.3 x 0.5","36.8 x 58.4 x 12.7",33," -40 to 85",396,12,,"36 to 75",N/A,
8999543,RBQ-12/33-D48NBSH-C,,"1.45 x 2.3 x 0.5","36.8 x 58.4 x 12.7",33," -40 to 85",396,12,,"36 to 75",N/A,
8999387,RBQ-12/33-D48PB-C,,"1.45 x 2.3 x 0.5","36.8 x 58.4 x 12.7",33," -40 to 85",396,12,,"36 to 75",N/A,
8999389,RBQ-12/33-D48PBH-C,,"1.45 x 2.3 x 0.5","36.8 x 58.4 x 12.7",33," -40 to 85",396,12,,"36 to 75",N/A,
8999476,RBQ-12/33-D48PBS-C,,"1.45 x 2.3 x 0.5","36.8 x 58.4 x 12.7",33," -40 to 85",396,12,,"36 to 75",N/A,
8999544,RBQ-12/33-D48PBSH-C,,"1.45 x 2.3 x 0.5","36.8 x 58.4 x 12.7",33," -40 to 85",396,12,,"36 to 75",N/A,
8970730,UCQ-1.2/30-D48NB-C,,"1.45 x 2.3 x 0.5","36.9 x 58.4 x 12.7",30," -40 to 85",36,1.2,,"36 to 75",N/A,
8970733,UCQ-1.2/30-D48PB-C,,"1.45 x 2.3 x 0.5","36.9 x 58.4 x 12.7",30," -40 to 85",36,1.2,,"36 to 75",N/A,
8970738,UCQ-1.5/25-D48NB-C,,"1.45 x 2.3 x 0.5","36.9 x 58.4 x 12.7",25," -40 to 85",37.5,1.5,,"36 to 75",N/A,
8970737,UCQ-1.5/25-D48N-C,,"1.45 x 2.3 x 0.4","36.9 x 58.4 x 10.2",25," -40 to 85",37.5,1.5,,"36 to 75",N/A,
8970741,UCQ-1.5/25-D48PB-C,,"1.45 x 2.3 x 0.5","36.9 x 58.4 x 12.7",25," -40 to 85",37.5,1.5,,"36 to 75",N/A,
8970740,UCQ-1.5/25-D48P-C,,"1.45 x 2.3 x 0.4","36.9 x 58.4 x 10.2",25," -40 to 85",37.5,1.5,,"36 to 75",N/A,
8970700,UCQ-1.8/30-D48NB-C,,"1.45 x 2.3 x 0.5","36.9 x 58.4 x 12.7",30," -40 to 85",54,1.8,,"36 to 75",N/A,
8970704,UCQ-1.8/30-D48PB-C,,"1.45 x 2.3 x 0.5","36.9 x 58.4 x 12.7",30," -40 to 85",54,1.8,,"36 to 75",N/A,
8971252,UCQ-12/8.3-D48NB-C,,"1.45 x 2.3 x 0.5","36.9 x 58.4 x 12.7",8.3," -40 to 85",99.6,12,,"36 to 75",N/A,
8971255,UCQ-12/8.3-D48PB-C,,"1.45 x 2.3 x 0.5","36.9 x 58.4 x 12.7",8.3," -40 to 85",99.6,12,,"36 to 75",N/A,
8981152,UCQ-15/6.7-D48NB-C,,"1.45 x 2.3 x 0.5","36.9 x 58.4 x 12.7",6.7," -40 to 85",100.5,15,,"36 to 75",N/A,
8981153,UCQ-15/6.7-D48NBH-C,,"1.45 x 2.3 x 0.5","36.9 x 58.4 x 12.7",6.7," -40 to 85",100.5,15,,"36 to 75",N/A,
8981155,UCQ-15/6.7-D48PB-C,,"1.45 x 2.3 x 0.5","36.9 x 58.4 x 12.7",6.7," -40 to 85",100.5,15,,"36 to 75",N/A,
8981157,UCQ-15/6.7-D48PBH-C,,"1.45 x 2.3 x 0.5","36.9 x 58.4 x 12.7",6.7," -40 to 85",100.5,15,,"36 to 75",N/A,
8970746,UCQ-2.5/30-D48NB-C,,"1.45 x 2.3 x 0.5","36.9 x 58.4 x 12.7",30," -40 to 85",75,2.5,,"36 to 75",N/A,
8970749,UCQ-2.5/30-D48PB-C,,"1.45 x 2.3 x 0.5","36.9 x 58.4 x 12.7",30," -40 to 85",75,2.5,,"36 to 75",N/A,
8970754,UCQ-2.5/40-D24NB-C,,"1.45 x 2.3 x 0.5","36.9 x 58.4 x 12.7",40," -40 to 85",100,2.5,,"18 to 36",N/A,
8970757,UCQ-2.5/40-D24PB-C,,"1.45 x 2.3 x 0.5","36.9 x 58.4 x 12.7",40," -40 to 85",100,2.5,,"18 to 36",N/A,
8970770,UCQ-3.3/20-D48NB-C,,"1.45 x 2.3 x 0.5","36.9 x 58.4 x 12.7",20," -40 to 85",66,3.3,,"36 to 75",N/A,
8970773,UCQ-3.3/20-D48PB-C,,"1.45 x 2.3 x 0.5","36.9 x 58.4 x 12.7",20," -40 to 85",66,3.3,,"36 to 75",N/A,
8170182,UCQ-3.3/30-D48NB,,"1.45 x 2.3 x 0.5","36.9 x 58.4 x 12.7",30," -40 to 85",99,3.3,,"36 to 75",N/A,
8970255,UCQ-3.3/30-D48NB-C,,"1.45 x 2.3 x 0.5","36.9 x 58.4 x 12.7",30," -40 to 85",99,3.3,,"36 to 75",N/A,
8170173,UCQ-3.3/30-D48PB,,"1.45 x 2.3 x 0.5","36.9 x 58.4 x 12.7",30," -40 to 85",99,3.3,,"36 to 75",N/A,
8970259,UCQ-3.3/30-D48PB-C,,"1.45 x 2.3 x 0.5","36.9 x 58.4 x 12.7",30," -40 to 85",99,3.3,,"36 to 75",N/A,
8981028,UCQ-3.3/35-D24NB-C,,"1.45 x 2.3 x 0.5","36.9 x 58.4 x 12.7",35," -40 to 85",115.5,3.3,,"18 to 36",N/A,
8981030,UCQ-3.3/35-D24PB-C,,"1.45 x 2.3 x 0.5","36.9 x 58.4 x 12.7",35," -40 to 85",115.5,3.3,,"18 to 36",N/A,
8970502,UCQ-3.3/40-D48NB-C,,"1.45 x 2.3 x 0.5","36.9 x 58.4 x 12.7",40," -40 to 85",132,3.3,,"36 to 75",N/A,
8970505,UCQ-3.3/40-D48PB-C,,"1.45 x 2.3 x 0.5","36.9 x 58.4 x 12.7",40," -40 to 85",132,3.3,,"36 to 75",N/A,
8970711,UCQ-5/20-D24NB-C,,"1.45 x 2.3 x 0.5","36.9 x 58.4 x 12.7",20," -40 to 85",100,5,,"18 to 36",N/A,
8970714,UCQ-5/20-D24PB-C,,"1.45 x 2.3 x 0.5","36.9 x 58.4 x 12.7",20," -40 to 85",100,5,,"18 to 36",N/A,
8170187,UCQ-5/20-D48NB,,"1.45 x 2.3 x 0.5","36.9 x 58.4 x 12.7",20," -40 to 85",100,5,,"36 to 75",N/A,
8970187,UCQ-5/20-D48NB-C,,"1.45 x 2.3 x 0.5","36.9 x 58.4 x 12.7",20," -40 to 85",100,5,,"36 to 75",N/A,
8170162,UCQ-5/20-D48PB,,"1.45 x 2.3 x 0.5","36.9 x 58.4 x 12.7",20," -40 to 85",100,5,,"36 to 75",N/A,
8970162,UCQ-5/20-D48PB-C,,"1.45 x 2.3 x 0.5","36.9 x 58.4 x 12.7",20," -40 to 85",100,5,,"36 to 75",N/A,
8981109,UCQ-5/25-D48NB-C,,"1.45 x 2.3 x 0.5","36.9 x 58.4 x 12.7",25," -40 to 85",125,5,,"36 to 75",N/A,
8981108,UCQ-5/25-D48N-C,,"1.45 x 2.3 x 0.4","36.9 x 58.4 x 10.2",25," -40 to 85",125,5,,"36 to 75",N/A,
8981112,UCQ-5/25-D48PB-C,,"1.45 x 2.3 x 0.5","36.9 x 58.4 x 12.7",25," -40 to 85",125,5,,"36 to 75",N/A,
8981111,UCQ-5/25-D48P-C,,"1.45 x 2.3 x 0.4","36.9 x 58.4 x 10.2",25," -40 to 85",125,5,,"36 to 75",N/A,
8999528,UEE-12/12.5-D48PB-C,,"2.3 x 0.9 x 0.5","58.4 x 22.9 x 12.7",12.5," -40 to 85",150,12,,"36 to 75",N/A,
8999315,UEE-3.3/25-D48NB-C,,"2.3 x 0.9 x 0.5","58.4 x 22.9 x 12.7",25," -40 to 85",83,3.3,,"36 to 75",N/A,
8999316,UEE-3.3/25-D48NBH-C,,"2.3 x 0.9 x 0.5","58.4 x 22.9 x 12.7",25," -40 to 85",83,3.3,,"36 to 75",N/A,
8999314,UEE-3.3/25-D48N-C,,"2.3 x 0.9 x 0.37","58.4 x 22.9 x 9.4",25," -40 to 85",83,3.3,,"36 to 75",N/A,
8999313,UEE-3.3/25-D48NH-C,,"2.3 x 0.9 x 0.37","58.4 x 22.9 x 9.4",25," -40 to 85",83,3.3,,"36 to 75",N/A,
8999319,UEE-3.3/25-D48NM-C,,"2.3 x 0.9 x 0.37","58.4 x 22.9 x 9.4",25," -40 to 85",83,3.3,,"36 to 75",N/A,
8999318,UEE-3.3/25-D48PB-C,,"2.3 x 0.9 x 0.5","58.4 x 22.9 x 12.7",25," -40 to 85",83,3.3,,"36 to 75",N/A,
8999317,UEE-3.3/25-D48P-C,,"2.3 x 0.9 x 0.37","58.4 x 22.9 x 9.4",25," -40 to 85",83,3.3,,"36 to 75",N/A,
8999320,UEE-3.3/25-D48PM-C,,"2.3 x 0.9 x 0.37","58.4 x 22.9 x 9.4",25," -40 to 85",83,3.3,,"36 to 75",UEE,
8983203,UEE-3.3/30-D48NB-C,,"2.3 x 0.9 x 0.5","58.4 x 22.9 x 12.7",30," -40 to 85",99,3.3,,"36 to 75",N/A,
8983204,UEE-3.3/30-D48NBH-C,,"2.3 x 0.9 x 0.5","58.4 x 22.9 x 12.7",30," -40 to 85",99,3.3,,"36 to 75",N/A,
8983206,UEE-3.3/30-D48PB-C,,"2.3 x 0.9 x 0.5","58.4 x 22.9 x 12.7",30," -40 to 85",99,3.3,,"36 to 75",N/A,
8983208,UEE-3.3/30-D48PBH-C,,"2.3 x 0.9 x 0.5","58.4 x 22.9 x 12.7",30," -40 to 85",99,3.3,,"36 to 75",N/A,
8999600,UEE-3.3/45-D48NB-C,,"2.3 x 0.9 x 0.5","58.4 x 22.9 x 12.7",45," -40 to 85",150,3.3,,"36 to 75",N/A,
8999603,UEE-3.3/45-D48PB-C,,"2.3 x 0.9 x 0.5","58.4 x 22.9 x 12.7",45," -40 to 85",150,3.3,,"36 to 75",N/A,
8999535,UEE-5/30-D48NB-C,,"2.3 x 0.9 x 0.5","58.4 x 22.9 x 12.7",30," -40 to 85",150,5,,"36 to 75",N/A,
8999538,UEE-5/30-D48PB-C,,"2.3 x 0.9 x 0.5","58.4 x 22.9 x 12.7",30," -40 to 85",150,5,,"36 to 75",N/A,
8903734,UEI15-033-Q12NM-C,,"1.1 x 0.96 x 0.32","27.9 x 24.4 x 8.1",4.5," -40 to 85",14.85,3.3,,"9 to 36",N/A,
8903735,UEI15-033-Q12PM-C,,"1.1 x 0.96 x 0.32","27.9 x 24.4 x 8.1",4.5," -40 to 85",14.85,3.3,,"9 to 36",N/A,
8903733,UEI15-033-Q48NM-C,,"1.1 x 0.96 x 0.32","27.9 x 24.4 x 8.1",5," -40 to 85",16.5,3.3,,"18 to 75",N/A,
8903736,UEI15-033-Q48PM-C,,"1.1 x 0.96 x 0.32","27.9 x 24.4 x 8.1",5," -40 to 85",16.5,3.3,,"18 to 75",N/A,
8903737,UEI15-050-Q12NM-C,,"1.1 x 0.96 x 0.32","27.9 x 24.4 x 8.1",3," -40 to 85",15,5,,"9 to 36",N/A,
8903738,UEI15-050-Q12PM-C,,"1.1 x 0.96 x 0.32","27.9 x 24.4 x 8.1",3," -40 to 85",15,5,,"9 to 36",N/A,
8903739,UEI15-050-Q48NM-C,,"1.1 x 0.96 x 0.32","27.9 x 24.4 x 8.1",3," -40 to 85",15,5,,"18 to 75",N/A,
8903740,UEI15-050-Q48PM-C,,"1.1 x 0.96 x 0.32","27.9 x 24.4 x 8.1",3," -40 to 85",15,5,,"18 to 75",N/A,
8903741,UEI15-120-Q12NM-C,,"1.1 x 0.96 x 0.32","27.9 x 24.4 x 8.1",1.3," -40 to 85",15.6,12,,"9 to 36",N/A,
8903742,UEI15-120-Q12PM-C,,"1.1 x 0.96 x 0.32","27.9 x 24.4 x 8.1",1.3," -40 to 85",15.6,12,,"9 to 36",N/A,
8903743,UEI15-120-Q48NM-C,,"1.1 x 0.96 x 0.32","27.9 x 24.4 x 8.1",1.3," -40 to 85",15.6,12,,"18 to 75",N/A,
8903744,UEI15-120-Q48PM-C,,"1.1 x 0.96 x 0.32","27.9 x 24.4 x 8.1",1.3," -40 to 85",15.6,12,,"18 to 75",N/A,
8903745,UEI15-150-Q12NM-C,,"1.1 x 0.96 x 0.32","27.9 x 24.4 x 8.1",1.1," -40 to 85",16.5,15,,"9 to 36",N/A,
8903746,UEI15-150-Q12PM-C,,"1.1 x 0.96 x 0.32","27.9 x 24.4 x 8.1",1.1," -40 to 85",16.5,15,,"9 to 36",N/A,
8903747,UEI15-150-Q48NM-C,,"1.1 x 0.96 x 0.32","27.9 x 24.4 x 8.1",1.1," -40 to 85",16.5,15,,"18 to 75",N/A,
8903748,UEI15-150-Q48PM-C,,"1.1 x 0.96 x 0.32","27.9 x 24.4 x 8.1",1.1," -40 to 85",16.5,15,,"18 to 75",N/A,
8921276,UQQ-3.3/25-Q12NB-C,,"1.45 x 2.22 x 0.5","36.9 x 56.4 x 12.7",25," -40 to 85",82.5,3.3,,"9 to 36",N/A,
8921274,UQQ-3.3/25-Q12N-C,,"1.45 x 2.22 x 0.43","36.9 x 56.4 x 10.9",25," -40 to 85",82.5,3.3,,"9 to 36",N/A,
8921277,UQQ-3.3/25-Q12PB-C,,"1.45 x 2.22 x 0.5","36.9 x 56.4 x 12.7",25," -40 to 85",82.5,3.3,,"9 to 36",N/A,
8921275,UQQ-3.3/25-Q12P-C,,"1.45 x 2.22 x 0.43","36.9 x 56.4 x 10.9",25," -40 to 85",82.5,3.3,,"9 to 36",N/A,
8904522,UQQ-3.3/25-Q48NB-C,,"1.45 x 2.22 x 0.5","36.9 x 56.4 x 12.7",25," -40 to 85",82.5,3.3,,"18 to 75",N/A,
8904520,UQQ-3.3/25-Q48N-C,,"1.45 x 2.22 x 0.43","36.9 x 56.4 x 10.9",25," -40 to 85",82.5,3.3,,"18 to 75",N/A,
8904521,UQQ-3.3/25-Q48PB-C,,"1.45 x 2.22 x 0.5","36.9 x 56.4 x 12.7",25," -40 to 85",82.5,3.3,,"18 to 75",N/A,
8904519,UQQ-3.3/25-Q48P-C,,"1.45 x 2.22 x 0.43","36.9 x 56.4 x 10.9",25," -40 to 85",82.5,3.3,,"18 to 75",N/A,
8970117,UVQ-12/8-D24NB-C,,"1.45 x 2.3 x 0.5","36.8 x 58.4 x 12.7",8," -40 to 85",96,12,,"18 to 36",N/A,
8970116,UVQ-12/8-D24PB-C,,"1.45 x 2.3 x 0.5","36.8 x 58.4 x 12.7",8," -40 to 85",96,12,,"18 to 36",N/A,
8970283,UVQ-15/7-D24NB-C,,"1.45 x 2.3 x 0.5","36.8 x 58.4 x 12.7",7," -40 to 85",105,15,,"18 to 36",N/A,
8970284,UVQ-15/7-D24PB-C,,"1.45 x 2.3 x 0.5","36.8 x 58.4 x 12.7",7," -40 to 85",105,15,,"18 to 36",N/A,
8970147,UVQ-18/5.6-D24NB-C,,"1.45 x 2.3 x 0.5","36.8 x 58.4 x 12.7",5.6," -40 to 85",100.8,18,,"18 to 36",N/A,
8970146,UVQ-18/5.6-D24PB-C,,"1.45 x 2.3 x 0.5","36.8 x 58.4 x 12.7",5.6," -40 to 85",100.8,18,,"18 to 36",N/A,
8970189,UVQ-24/4.5-D48NB-C,,"1.45 x 2.3 x 0.5","36.8 x 58.4 x 12.7",4.5," -40 to 85",108,24,,"36 to 75",N/A,
8970188,UVQ-24/4.5-D48PB-C,,"1.45 x 2.3 x 0.5","36.8 x 58.4 x 12.7",4.5," -40 to 85",108,24,,"36 to 75",N/A,
8970195,UVQ-48/2.5-D24NB-C,,"1.45 x 2.3 x 0.5","36.8 x 58.4 x 12.7",2.5," -40 to 85",120,48,,"18 to 36",N/A,
8970198,UVQ-48/2.5-D24PB-C,,"1.45 x 2.3 x 0.5","36.8 x 58.4 x 12.7",2.5," -40 to 85",120,48,,"18 to 36",N/A,
8970207,UVQ-48/2.5-D48NB9-C,,"1.45 x 2.3 x 0.5","36.8 x 58.4 x 12.7",2.5," -40 to 85",120,48,,"36 to 75",N/A,
8970206,UVQ-48/2.5-D48NB-C,,"1.45 x 2.3 x 0.5","36.8 x 58.4 x 12.7",2.5," -40 to 85",120,48,,"36 to 75",N/A,
8970204,UVQ-48/2.5-D48PB9-C,,"1.45 x 2.3 x 0.5","36.8 x 58.4 x 12.7",2.5," -40 to 85",120,48,,"36 to 75",N/A,
8970205,UVQ-48/2.5-D48PB-C,,"1.45 x 2.3 x 0.5","36.8 x 58.4 x 12.7",2.5," -40 to 85",120,48,,"36 to 75",N/A,
8970209,UVQ-5/20-D24PB-C,,"1.45 x 2.3 x 0.5","36.8 x 58.4 x 12.7",20," -40 to 85",100,5,,"18 to 36",N/A,
8170400,UVQ-5/20-D48PBL2,,"1.45 x 2.3 x 0.5","36.8 x 58.4 x 12.7",20," -40 to 85",100,5,,"36 to 75",N/A,
8921568,UWE-12/10-Q12NB-C,,"2.3 x 0.9 x 0.5","58.42 x 22.86 x 12.7",10," -40 to 85",120,12,,"9 to 36",N/A,
8921570,UWE-12/10-Q12PB-C,,"2.3 x 0.9 x 0.5","58.42 x 22.86 x 12.7",10," -40 to 85",120,12,,"9 to 36",N/A,
8921542,UWE-12/10-Q48NB-C,,"2.3 x 0.9 x 0.5","58.42 x 22.86 x 12.8",10," -40 to 85",120,12,,"18 to 75",N/A,
8921544,UWE-12/10-Q48PB-C,,"2.3 x 0.9 x 0.5","58.42 x 22.86 x 12.8",10," -40 to 85",120,12,,"18 to 75",N/A,
8921550,UWE-3.3/30-Q48NB-C,,"2.3 x 0.9 x 0.5","58.42 x 22.86 x 12.8",30," -40 to 85",99,3.3,,"18 to 75",N/A,
8921552,UWE-3.3/30-Q48PB-C,,"2.3 x 0.9 x 0.5","58.42 x 22.86 x 12.8",30," -40 to 85",99,3.3,,"18 to 75",UWE-100-120W,
8921553,UWE-5/20-Q48NB-C,,"2.3 x 0.9 x 0.5","58.42 x 22.86 x 12.8",20," -40 to 85",100,5,,"18 to 75",N/A,
8921556,UWE-5/20-Q48PB-C,,"2.3 x 0.9 x 0.5","58.42 x 22.86 x 12.8",20," -40 to 85",100,5,,"18 to 75",N/A,
8903124,UWQ-12/17-Q48NB-C,,"1.45 x 2.3 x 0.5","36.9 x 58.4 x 12.7",17," -40 to 85",204,12,,"18 to 75",N/A,
8903144,UWQ-12/17-Q48NTB9-C,,"1.45 x 2.3 x 0.5","36.8 x 58.4 x 12.7",17," -40 to 85",204,12,,"18 to 75",N/A,
8903138,UWQ-12/17-Q48NTB-C,,"1.45 x 2.3 x 0.5","36.8 x 58.4 x 12.7",17," -40 to 85",204,12,,"18 to 75",N/A,
8903136,UWQ-12/17-Q48PB-C,,"1.45 x 2.3 x 0.5","36.9 x 58.4 x 12.7",17," -40 to 85",204,12,,"18 to 75",N/A,
8903145,UWQ-12/17-Q48PTB9-C,,"1.45 x 2.3 x 0.5","36.8 x 58.4 x 12.7",17," -40 to 85",204,12,,"18 to 75",N/A,
8903142,UWQ-12/17-Q48PTB-C,,"1.45 x 2.3 x 0.5","36.8 x 58.4 x 12.7",17," -40 to 85",204,12,,"18 to 75",N/A,
8903171,UWQ-12/20-T48PTB-C,,"1.45 x 2.3 x 0.5","36.8 x 58.4 x 12.7",20," -40 to 85",240,12,,"18 to 60",UWQ-T48,
4401898-1,D1U54-D-1500-12-HA3C,,"1U x 2.15 x 12.66","1U x 54.5 x 321.5",125," -5 to 45",1520,12,5,"40 to 72",N/A,
4401897-1,D1U54-D-1500-12-HA4C,,"1U x 2.15 x 12.66","1U x 54.5 x 321.5",125," -5 to 45",1520,12,5,"40 to 72",N/A,
4401903-1,D1U54-D-1500-12-HB4C,,"1U x 2.15 x 12.66","1U x 54.5 x 321.5",125," -5 to 45",1530,12,12,"40 to 72",N/A,
4401901-1,D1U54-D-1500-12-HC3C,,"1U x 2.15 x 12.66","1U x 54.5 x 321.5",125," -5 to 45",1513.2,12,3.3,"40 to 72",N/A,
4401900-1,D1U54-D-1500-12-HC4C,,"1U x 2.15 x 12.66","1U x 54.5 x 321.5",125," -5 to 45",1513.2,12,3.3,"40 to 72",N/A,
4401894-2,D1U54P-W-1500-12-HA3TC,,"1U x 2.15 x 12.66","1U x 54.5 x 321.5",125," -5 to 45",1220,12,5,"90 to 264",N/A,
4401893-2,D1U54P-W-1500-12-HA4TC,,"1U x 2.15 x 12.66","1U x 54.5 x 321.5",125," -5 to 45",1220,12,5,"90 to 264",N/A,
4401895-2,D1U54P-W-1500-12-HB4TC,,"1U x 2.15 x 12.66","1U x 54.5 x 321.5",125," -5 to 45",1230,12,12,"90 to 264",N/A,
4401892-2,D1U54P-W-1500-12-HC3TC,,"1U x 2.15 x 12.66","1U x 54.5 x 321.5",125," -5 to 45",1213.2,12,3.3,"90 to 264",N/A,
4401891-2,D1U54P-W-1500-12-HC4TC,,"1U x 2.15 x 12.66","1U x 54.5 x 321.5",125," -5 to 45",1213.2,12,3.3,"90 to 264",N/A,
4401920-1,D1U54-D-450-12-HA3C,,"1U x 2.15 x 9.0","1U x 54.5 x 228.6",37.5," -5 to 50",460,12,5,"40 to 72",N/A,
4401919-1,D1U54-D-450-12-HA4C,,"1U x 2.15 x 9.0","1U x 54.5 x 228.6",37.5," -5 to 50",460,12,5,"40 to 72",N/A,
4401879-1,D1U54-D-650-12-HB3C,,"1U x 2.15 x 9.0","1U x 54.5 x 228.6",54.2," -5 to 50",674.4,12,12,"40 to 72",N/A,
4401878-1,D1U54-D-650-12-HB4C,,"1U x 2.15 x 9.0","1U x 54.5 x 228.6",54.2," -5 to 50",674.4,12,12,"40 to 72",N/A,
4405004-1,D1U54-HD-1200-12-HA4C,,"1U x 2.15 x 12.66","1U x 54.5 x 321.5",1655," -5 to 50",1215,12,5,"230 to 400",D1U54-HD,"Value for 'i1out' attribute contains incorrect value, see acceptable values on settings specified for Admin"
4402002-1,D1U54P-M-800-12-HB3BC,,"1U x 2.15 x 9.32","1U x 54.5 x 236.6",66.7," -5 to 50",800,12,12,"90 to 305",D1U54P,
4402001-1,D1U54P-M-800-12-HB4BC,,"1U x 2.15 x 9.32","1U x 54.5 x 236.6",66.7," -5 to 50",800,12,12,"90 to 305",D1U54P,
4401966-1,D1U54P-W-2000-12-HA3C,,"1U x 2.15 x 12.66","1U x 54.5 x 321.5",166.7," -5 to 50",2000,12,5,"90 to 264",D1U54P-W-2000-12-HxxC,
4401959-1,D1U54P-W-2000-12-HA4C,,"1U x 2.15 x 12.66","1U x 54.5 x 321.5",166.7," -5 to 50",2000,12,5,"90 to 264",D1U54P-W-2000-12-HxxC,
4401965-1,D1U54P-W-2000-12-HB3C,,"1U x 2.15 x 12.66","1U x 54.5 x 321.5",166.7," -5 to 50",2000,12,12,"90 to 264",D1U54P-W-2000-12-HxxC,
4401958-1,D1U54P-W-2000-12-HB4C,,"1U x 2.15 x 12.66","1U x 54.5 x 321.5",166.7," -5 to 50",2000,12,12,"90 to 264",D1U54P-W-2000-12-HxxC,
4401967-1,D1U54P-W-2000-12-HC3C,,"1U x 2.15 x 12.66","1U x 54.5 x 321.5",166.7," -5 to 50",2000,12,3.3,"90 to 264",D1U54P-W-2000-12-HxxC,
4401960-1,D1U54P-W-2000-12-HC4C,,"1U x 2.15 x 12.66","1U x 54.5 x 321.5",166.7," -5 to 50",2000,12,3.3,"90 to 264",D1U54P-W-2000-12-HxxC,
4401910-1,D1U54P-W-450-12-HA3C,,"1U x 2.15 x 9.0","1U x 54.5 x 228.6",37.5," -5 to 50",460,12,5,"90 to 264",N/A,
8401909-1,D1U54P-W-450-12-HA4C,,"1U x 2.15 x 9.0","1U x 54.5 x 228.6",37.5," -5 to 50",460,12,5,"90 to 264",N/A,
8401908-1,D1U54P-W-450-12-HB3C,,"1U x 2.15 x 9.0","1U x 54.5 x 228.6",37.5," -5 to 50",462,12,12,"90 to 264",N/A,
8401907-1,D1U54P-W-450-12-HB4C,,"1U x 2.15 x 9.0","1U x 54.5 x 228.6",37.5," -5 to 50",462,12,12,"90 to 264",N/A,
4401877-1,D1U54P-W-650-12-HB3C,,"1U x 2.15 x 9.0","1U x 54.5 x 228.6",54.2," -5 to 50",674.4,12,12,"90 to 264",N/A,
4401876-1,D1U54P-W-650-12-HB4C,,"1U x 2.15 x 9.0","1U x 54.5 x 228.6",54.2," -5 to 50",674.4,12,12,"90 to 264",N/A,
cPCI-A-3U-200C,cPCI-A-3U-200C,,6.7x5.1x1.6,170x129x40,25," -5 to 55",200,5,3.3,"90 to 264",N/A,
8401782,D1U4CS-D-2100-52-HA3DC,,"1U x 4 x 13.56","1U x 101.60 x 344.47",40," -5 to 55",2103.75,52.5,5,"40 to 72",N/A,
4401722-3,D1U4CS-D-2100-54-HA3DC,,"1U x 4 x 13.56","1U x 101.60 x 344.47",40," -5 to 55",2163.75,54,5,"40 to 72",N/A,
4401970-1,D1U54-D-800-12-HB3BC,,"1U x 2.15 x 9.32","1U x 54.5 x 236.6",66.7," -5 to 55",800,12,12,"40 to 72",D1U54-D,
4401971-1,D1U54-D-800-12-HB4BC,,"1U x 2.15 x 9.32","1U x 54.5 x 236.6",66.7," -5 to 55",800,12,12,"40 to 72",D1U54-D,
4401842-1,D1U3CS-W-1300F-12-HA4EC,,"1U x 3.20 x 11.00","1U x 81.30 x 279.40",108.3,"0 to 40",1300,12,5,"90 to 264",N/A,
4401820-1,D1U3CS-W-1300F-12-HC4EC,,"1U x 3.20 x 11.00","1U x 81.30 x 279.40",108.3,"0 to 40",1300,12,3.3,"90 to 264",N/A,
4401706-1,D1U4CS-W-2200-12-HA3C,,"1U x 4 x 14","1U x 101.60 x 355.60",180,"0 to 40",2206.6,12,5,"90 to 264",N/A,
4401707-5,D1U4CS-W-2200-12-HC3C,,"1U x 4 x 14","1U x 101.60 x 355.60",180,"0 to 40",2201.4,12,3.3,"90 to 264",N/A,
C1U-W-1200-12-TA1C,C1U-W-1200-12-TA1C,,"1.67 x 5 x 14.22","42.50 x 127 x 361.20",98.3,"0 to 50",1200,12,5,"90 to 264",N/A,
C1U-W-1200-12-TA2C,C1U-W-1200-12-TA2C,,"1.67 x 5 x 14.22","42.50 x 127 x 361.20",98.3,"0 to 50",1200,12,5,"90 to 264",N/A,
C1U-W-1200-12-TC1C,C1U-W-1200-12-TC1C,,"1.67 x 5 x 14.22","42.50 x 127 x 361.20",98.3,"0 to 50",1200,12,3.3,"90 to 264",N/A,
C1U-W-1200-12-TC2C,C1U-W-1200-12-TC2C,,"1.67 x 5 x 14.22","42.50 x 127 x 361.20",98.3,"0 to 50",1200,12,3.3,"90 to 264",N/A,
C1U-W-1200-48-TA1C,C1U-W-1200-48-TA1C,,"1.67 x 5 x 14.22","42.50 x 127 x 361.20",24.6,"0 to 50",1200,48,5,"90 to 264",N/A,
C1U-W-1200-48-TA2C,C1U-W-1200-48-TA2C,,"1.67 x 5 x 14.22","42.50 x 127 x 361.20",24.6,"0 to 50",1200,48,5,"90 to 264",N/A,
C1U-W-1200-48-TB1C,C1U-W-1200-48-TB1C,,"1U x 5 x 14.22","1U x 127 x 361.20",24.6,"0 to 50",1200,48,12,"90 to 264",N/A,
C1U-W-1200-48-TB2C,C1U-W-1200-48-TB2C,,"1U x 5 x 14.22","1U x 127 x 361.20",24.6,"0 to 50",1200,48,12,"90 to 264",N/A,
C1U-W-1200-48-TC1C,C1U-W-1200-48-TC1C,,"1U x 5 x 14.22","1U x 127 x 361.20",24.6,"0 to 50",1200,48,3.3,"90 to 264",N/A,
C1U-W-1200-48-TC2C,C1U-W-1200-48-TC2C,,"1U x 5 x 14.22","1U x 127 x 361.20",24.6,"0 to 50",1200,48,3.3,"90 to 264",N/A,
4600172,CPCI200A-1C,,"6.68 x 3.93 x 5.07","169.58 x 100 x 128.7",25,"0 to 50",200,5,3.3,"90 to 264",CPCI200A,
4401809-1,D1U3CS-D-1600-12-HC4EC,,"1U x 3.20 x 11.00","1U x 81.30 x 279.40",133,"0 to 50",1620,12,3.3,"40 to 72",N/A,
4401699-6,D1U4CS-W-2200-12-HA4C,,"1U x 4 x 14","1U x 101.60 x 355.60",180,"0 to 50",2206.6,12,5,"90 to 264",N/A,
4401708-2,D1U4CS-W-2200-12-HC4C,,"1U x 4 x 14","1U x 101.60 x 355.60",180,"0 to 50",2201.4,12,3.3,"90 to 264",N/A,
D1U4-W-1200-12-HA1C,D1U4-W-1200-12-HA1C,,"1U x 4 x 14","1U x 101.60 x 355.60",98.3,"0 to 50",1200,12,5,"90 to 264",N/A,
D1U4-W-1200-12-HA2C,D1U4-W-1200-12-HA2C,,"1U x 4 x 14","1U x 101.60 x 355.60",98.3,"0 to 50",1200,12,5,"90 to 264",N/A,
D1U4-W-1200-12-HC1C,D1U4-W-1200-12-HC1C,,"1U x 4 x 14","1U x 101.60 x 355.60",98.3,"0 to 50",1200,12,3.3,"90 to 264",N/A,
D1U4-W-1200-12-HC2C,D1U4-W-1200-12-HC2C,,"1U x 4 x 14","1U x 101.60 x 355.60",98.3,"0 to 50",1200,12,3.3,"90 to 264",N/A,
D1U4-W-1600-12-HA1C,D1U4-W-1600-12-HA1C,,"1U x 4 x 14","1U x 101.60 x 355.60",131.6,"0 to 50",1600,12,5,"90 to 264",N/A,
D1U4-W-1600-12-HA2C,D1U4-W-1600-12-HA2C,,"1U x 4 x 14","1U x 101.60 x 355.60",131.6,"0 to 50",1600,12,5,"90 to 264",N/A,
D1U4-W-1600-12-HC1C,D1U4-W-1600-12-HC1C,,"1U x 4 x 14","1U x 101.60 x 355.60",131.6,"0 to 50",1600,12,3.3,"90 to 264",N/A,
D1U4-W-1600-12-HC2C,D1U4-W-1600-12-HC2C,,"1U x 4 x 14","1U x 101.60 x 355.60",131.6,"0 to 50",1600,12,3.3,"90 to 264",N/A,
4401793-3,D1U4-W-1600-54-HB3C,,"1U x 4 x 14","1U x 101.60 x 355.60",30,"0 to 50",1624,54,12,"90 to 264",N/A,
4401843,D1U4-W-1600-54-HB4C,,"1U x 4 x 14","1U x 101.60 x 355.60",30,"0 to 50",1624,54,12,"90 to 264",N/A,
D1U-H-2800-52-HB1C,D1U-H-2800-52-HB1C,,"1U x 5.5 x 11.4","1U x 140 x 289",54,"0 to 50",2814," -52",12,"90 to 264",N/A,
D1U-H-2800-52-HB1DC,D1U-H-2800-52-HB1DC,,"1U x 5.5 x 11.4","1U x 140 x 289",54,"0 to 50",2814," -52",12,"90 to 264",D1U-H,
D1U-W-1200-12-HA1C,D1U-W-1200-12-HA1C,,"1U x 4.75 x 12","1U x 120.65 x 304.80",98.3,"0 to 50",1200,12,5,"90 to 264",N/A,
D1U-W-1200-12-HA2,D1U-W-1200-12-HA2,,"1U x 4.75 x 12","1U x 120.65 x 304.80",131,"0 to 50",1200,12,5,"90 to 264",N/A,
D1U-W-1200-12-HA2C,D1U-W-1200-12-HA2C,,"1U x 4.75 x 12","1U x 120.65 x 304.80",98.3,"0 to 50",1200,12,5,"90 to 264",N/A,
D1U-W-1200-12-HC1C,D1U-W-1200-12-HC1C,,"1U x 4.75 x 12","1U x 120.65 x 304.80",98.3,"0 to 50",1200,12,3.3,"90 to 264",N/A,
D1U-W-1200-12-HC2,D1U-W-1200-12-HC2,,"1U x 4.75 x 12","1U x 120.65 x 304.80",131,"0 to 50",1200,12,3.3,"90 to 264",N/A,
D1U-W-1200-12-HC2C,D1U-W-1200-12-HC2C,,"1U x 4.75 x 12","1U x 120.65 x 304.80",98.3,"0 to 50",1200,12,3.3,"90 to 264",N/A,
D1U-W-1200-48-HA1C,D1U-W-1200-48-HA1C,,"1U x 4.75 x 12","1U x 120.65 x 304.80",24.6,"0 to 50",1200,48,5,"90 to 264",N/A,
D1U-W-1200-48-HA2C,D1U-W-1200-48-HA2C,,"1U x 4.75 x 12","1U x 120.65 x 304.80",24.6,"0 to 50",1200,48,5,"90 to 264",N/A,
D1U-W-1200-48-HB1C,D1U-W-1200-48-HB1C,,"1U x 4.75 x 12","1U x 120.65 x 304.80",24.6,"0 to 50",1200,48,12,"90 to 264",N/A,
D1U-W-1200-48-HB2C,D1U-W-1200-48-HB2C,,"1U x 4.75 x 12","1U x 120.65 x 304.80",24.6,"0 to 50",1200,48,12,"90 to 264",N/A,
D1U-W-1200-48-HC1C,D1U-W-1200-48-HC1C,,"1U x 4.75 x 12","1U x 120.65 x 304.80",24.6,"0 to 50",1200,48,3.3,"90 to 264",N/A,
D1U-W-1200-48-HC2C,D1U-W-1200-48-HC2C,,"1U x 4.75 x 12","1U x 120.65 x 304.80",24.6,"0 to 50",1200,48,3.3,"90 to 264",N/A,
D1U-W-1600-12-HA1C,D1U-W-1600-12-HA1C,,"1U x 4.75 x 12","1U x 120.65 x 304.80",131.6,"0 to 50",1600,12,5,"90 to 264",N/A,
D1U-W-1600-12-HA2C,D1U-W-1600-12-HA2C,,"1U x 4.75 x 12","1U x 120.65 x 304.80",131.6,"0 to 50",1600,12,5,"90 to 264",N/A,
D1U-W-1600-12-HC1C,D1U-W-1600-12-HC1C,,"1U x 4.75 x 12","1U x 120.65 x 304.80",131.6,"0 to 50",1600,12,3.3,"90 to 264",N/A,
D1U-W-1600-12-HC2C,D1U-W-1600-12-HC2C,,"1U x 4.75 x 12","1U x 120.65 x 304.80",131.6,"0 to 50",1600,12,3.3,"90 to 264",N/A,
D1U-W-1600-48-HA1C,D1U-W-1600-48-HA1C,,"1U x 4.75 x 12","1U x 120.65 x 304.80",33,"0 to 50",1600,48,5,"90 to 264",N/A,
D1U-W-1600-48-HA2C,D1U-W-1600-48-HA2C,,"1U x 4.75 x 12","1U x 120.65 x 304.80",33,"0 to 50",1620,48,5,"90 to 264",N/A,
D1U-W-1600-48-HB1C,D1U-W-1600-48-HB1C,,"1U x 4.75 x 12","1U x 120.65 x 304.80",33,"0 to 50",1600,48,12,"90 to 264",N/A,
D1U-W-1600-48-HB2C,D1U-W-1600-48-HB2C,,"1U x 4.75 x 12","1U x 120.65 x 304.80",33,"0 to 50",1620.4,48,12,"90 to 264",N/A,
D1U-W-1600-48-HC1C,D1U-W-1600-48-HC1C,,"1U x 4.75 x 12","1U x 120.65 x 304.80",33,"0 to 50",1600,48,3.3,"90 to 264",N/A,
D1U-W-1600-48-HC2C,D1U-W-1600-48-HC2C,,"1U x 4.75 x 12","1U x 120.65 x 304.80",33,"0 to 50",1600,48,3.3,"90 to 264",N/A,
D1U-W-2000-48-HA2C,D1U-W-2000-48-HA2C,,"1U x 4.75 x 12","1U x 120.65 x 304.80",41.3,"0 to 50",2002.4,48,5,"90 to 264",N/A,
D1U-W-2000-48-HB2C,D1U-W-2000-48-HB2C,,"1U x 4.75 x 12","1U x 120.65 x 304.80",41.3,"0 to 50",2002.8,48,12,"90 to 264",N/A,
4401570,D1U-W-2000-48-HB4C,,"1U x 4.75 x 12","1U x 120.65 x 304.80",41.3,"0 to 50",2002.8,48,12,"90 to 264",N/A,
D1U-W-2000-48-HC2C,D1U-W-2000-48-HC2C,,"1U x 4.75 x 12","1U x 120.65 x 304.80",41.3,"0 to 50",1997.25,48,3.3,"90 to 264",D1U-W,
4401726-1,D2U5T-H3-7000-54-HU4C,,"2U x 5.1 x 18","2U x 129.5 x 455.9",129.629,"0 to 50",7020,54,"3.3 or 5 (Selectable)","180 to 525",N/A,
S1U-3X-16-A-12-RC,S1U-3X-16-A-12-RC,,"1U x 17.3 x 16","1U x 439.42 x 406.40",394.8,"0 to 50",4800,12,,"90 to 264",N/A,
S1U-3X-16-A-48-RC,S1U-3X-16-A-48-RC,,"1U x 17.3 x 16","1U x 439.42 x 406.40",123.9,"0 to 50",6000,48,,"90 to 264",N/A,
4401853-1,D1U54-D-1200-12-HA3PC,,"1U x 2.15 x 12.66","1U x 54.5 x 321.5",1655,"0 to 55",1220,12,5,"40 to 72",N/A,"Value for 'i1out' attribute contains incorrect value, see acceptable values on settings specified for Admin"
4401851-1,D1U54-D-1200-12-HA4PC,,"1U x 2.15 x 12.66","1U x 54.5 x 321.5",1655,"0 to 55",1220,12,5,"40 to 72",N/A,"Value for 'i1out' attribute contains incorrect value, see acceptable values on settings specified for Admin"
4401852-1,D1U54-D-1200-12-HC3PC,,"1U x 2.15 x 12.66","1U x 54.5 x 321.5",1655,"0 to 55",1219.8,12,3.3,"40 to 72",N/A,"Value for 'i1out' attribute contains incorrect value, see acceptable values on settings specified for Admin"
4401828-1,D1U54-D-1200-12-HC4PC,,"1U x 2.15 x 12.66","1U x 54.5 x 321.5",1655,"0 to 55",1219.8,12,3.3,"40 to 72",N/A,"Value for 'i1out' attribute contains incorrect value, see acceptable values on settings specified for Admin"
4401802-1,D1U54P-W-1200-12-HA3PC,,"1U x 2.15 x 12.66","1U x 54.5 x 321.5",1655,"0 to 60",1215,12,5,"90 to 264",N/A,"Value for 'i1out' attribute contains incorrect value, see acceptable values on settings specified for Admin"
4401803-1,D1U54P-W-1200-12-HA4PC,,"1U x 2.15 x 12.66","1U x 54.5 x 321.5",1655,"0 to 60",1215,12,5,"90 to 264",N/A,"Value for 'i1out' attribute contains incorrect value, see acceptable values on settings specified for Admin"
4401801-1,D1U54P-W-1200-12-HC3PC,,"1U x 2.15 x 12.66","1U x 54.5 x 321.5",1655,"0 to 60",1210,12,3.3,"90 to 264",N/A,"Value for 'i1out' attribute contains incorrect value, see acceptable values on settings specified for Admin"
4401792-2,D1U54P-W-1200-12-HC4PC,,"1U x 2.15 x 12.66","1U x 54.5 x 321.5",1655,"0 to 60",1210,12,3.3,"90 to 264",N/A,"Value for 'i1out' attribute contains incorrect value, see acceptable values on settings specified for Admin"
8978305,DMR20-0/5-G-C,,,,,"0 to 60",,,,,DMR20-0/5,
8978300,DMR20-0/5-R-C,,,,,"0 to 60",,,,,DMR20-0/5,
8978302,DMR20-4/20B-R-C,,,,,"0 to 60",,,,,DMR20-4/20,
8978304,DMR20-4/20S-G-C,,,,,"0 to 60",,,,,DMR20-4/20,
8978301,DMR20-4/20S-R-C,,,,,"0 to 60",,,,,DMR20-4/20,
LME0305SC,LME0305SC,,"0.38 x 0.45 x 0.27","9.8 x 11.5 x 6.8",0.05,"0 to 70",0.25,5,,"2.97 to 3.63",N/A,
8999937,DRQ-8/100-L48NB-C,,"2.3 x 1.45 x 0.57","58.4 x 36.8 x 14.47",1655," -40 to 85",800,8,,"36 to 60",DRQ-8/100-L48NBxxxx-C,"Value for 'i1out' attribute contains incorrect value, see acceptable values on settings specified for Admin"
8928139," IRS-5/10-Q12N-C ",,"1.44 x 1.04 x 0.50","36.6 x 26.4 x 12.7",10," -40 to 85",50,5,,"9 to 36",IRS-Q12,
782100/33VC,782100/33VC,,,,,,,,,,782100,
782100/35JVC,782100/35JVC,,,,,,,,,,782100,
782100/35JVC-R,782100/35JVC-R,,,,,,,,,,782100,
782100/53VC,782100/53VC,,,,,,,,,,782100,
782100/55JVC,782100/55JVC,,,,,,,,,,782100,
782100/55JVC-R,782100/55JVC-R,,,,,,,,,,782100,
782485/35C,782485/35C,,,,,,,,,,782485,
782485/55C,782485/55C,,,,,,,,,,782485,
8999506,DBQ0135V1NBSC,,"1.45 x 2.3 x 0.5","36.8 x 58.4 x 12.7",35,,420,12,,"36 to 75",N/A,
8999550,DVQ0135V1PBC,,"1.45 x 2.3 x 0.5","36.8 x 58.4 x 12.7",35,,420,12,,"36 to 75",N/A,
HPR211,HPR211,,"0.34 x 2.21 x 0.4","8.6 x 56.1 x 10.2",25,,3,"4 x 15",,"10.8 to 13.2",N/A,
HPR211C,HPR211C,,"0.34 x 2.21 x 0.4","8.6 x 56.1 x 10.2",25,,3,"4 x 15",,"10.8 to 13.2",N/A,
SLC100-29,SLC100-29,,"1.45 x 2.28 x 0.4","36.8 x 57.9 x 10.2",25,,30,1.2,,"36 to 75",N/A,
SLC100-3,SLC100-3,,"1.45 x 2.28 x 0.4","36.8 x 57.9 x 10.2",25,,30,1.2,,"36 to 75",N/A,
SLC100-30,SLC100-30,,"1.45 x 2.28 x 0.4","36.8 x 57.9 x 10.2",25,,37.5,1.5,,"36 to 75",N/A,
SLC100-31,SLC100-31,,"1.45 x 2.28 x 0.4","36.8 x 57.9 x 10.2",25,,45,1.8,,"36 to 75",N/A,
SLC100-32,SLC100-32,,"1.45 x 2.28 x 0.4","36.8 x 57.9 x 10.2",25,,50,2,,"36 to 75",N/A,
SLC100-33,SLC100-33,,"1.45 x 2.28 x 0.4","36.8 x 57.9 x 10.2",25,,62.5,2.5,,"36 to 75",N/A,
SLC100-34,SLC100-34,,"1.45 x 2.28 x 0.4","36.8 x 57.9 x 10.2",25,,82.5,3.3,,"36 to 75",N/A,
8970235,UVQ-1.5/40-D24NB-C,,"1.45 x 2.3 x 0.5","36.8 x 58.4 x 12.7",40,,60,1.5,,"18 to 36",N/A,
8970236,UVQ-1.5/40-D24PB-C,,"1.45 x 2.3 x 0.5","36.8 x 58.4 x 12.7",40,,60,1.5,,"18 to 36",N/A,
8170122,UVQ-12/10-D48NB,,"1.45 x 2.3 x 0.5","36.8 x 58.4 x 12.7",10,,120,12,,"36 to 75",N/A,
8970122,UVQ-12/10-D48NB-C,,"1.45 x 2.3 x 0.5","36.8 x 58.4 x 12.7",10,,120,12,,"36 to 75",N/A,
8170123,UVQ-12/10-D48PB,,"1.45 x 2.3 x 0.5","36.8 x 58.4 x 12.7",10,,120,12,,"36 to 75",N/A,
8970123,UVQ-12/10-D48PB-C,,"1.45 x 2.3 x 0.5","36.8 x 58.4 x 12.7",10,,120,12,,"36 to 75",N/A,
8170117,UVQ-12/8-D24NB,,"1.45 x 2.3 x 0.5","36.8 x 58.4 x 12.7",8,,96,12,,"18 to 36",N/A,
8170116,UVQ-12/8-D24PB,,"1.45 x 2.3 x 0.5","36.8 x 58.4 x 12.7",8,,96,12,,"18 to 36",N/A,
8170916,UVQ-12/8-D24PB9,,"1.45 x 2.3 x 0.5","36.8 x 58.4 x 12.7",8,,96,12,,"18 to 36",N/A,
8170283,UVQ-15/7-D24NB,,"1.45 x 2.3 x 0.5","36.8 x 58.4 x 12.7",7,,105,15,,"18 to 36",N/A,
8170284,UVQ-15/7-D24PB,,"1.45 x 2.3 x 0.5","36.8 x 58.4 x 12.7",7,,105,15,,"18 to 36",N/A,
8170131,UVQ-15/7-D48NB,,"1.45 x 2.3 x 0.5","36.8 x 58.4 x 12.7",7,,105,15,,"36 to 75",N/A,
8970131,UVQ-15/7-D48NB-C,,"1.45 x 2.3 x 0.5","36.8 x 58.4 x 12.7",7,,105,15,,"36 to 75",N/A,
8170141,UVQ-15/7-D48PB,,"1.45 x 2.3 x 0.5","36.8 x 58.4 x 12.7",7,,105,15,,"36 to 75",N/A,
8970141,UVQ-15/7-D48PB-C,,"1.45 x 2.3 x 0.5","36.8 x 58.4 x 12.7",7,,105,15,,"36 to 75",N/A,
8170147,UVQ-18/5.6-D24NB,,"1.45 x 2.3 x 0.5","36.8 x 58.4 x 12.7",5.6,,100.8,18,,"18 to 36",N/A,
8170146,UVQ-18/5.6-D24PB,,"1.45 x 2.3 x 0.5","36.8 x 58.4 x 12.7",5.6,,100.8,18,,"18 to 36",N/A,
8170145,UVQ-18/6-D48NB,,"1.45 x 2.3 x 0.5","36.8 x 58.4 x 12.7",6,,108,18,,"36 to 75",N/A,
8970145,UVQ-18/6-D48NB-C,,"1.45 x 2.3 x 0.5","36.8 x 58.4 x 12.7",6,,108,18,,"36 to 75",N/A,
8170144,UVQ-18/6-D48PB,,"1.45 x 2.3 x 0.5","36.8 x 58.4 x 12.7",6,,108,18,,"36 to 75",N/A,
8970144,UVQ-18/6-D48PB-C,,"1.45 x 2.3 x 0.5","36.8 x 58.4 x 12.7",6,,108,18,,"36 to 75",N/A,
8970219,UVQ-2.5/35-D24NB-C,,"1.45 x 2.3 x 0.5","36.8 x 58.4 x 12.7",35,,87.5,2.5,,"18 to 36",N/A,
8970218,UVQ-2.5/35-D24PB-C,,"1.45 x 2.3 x 0.5","36.8 x 58.4 x 12.7",35,,87.5,2.5,,"18 to 36",N/A,
8170217,UVQ-2.5/40-D48NB,,"1.45 x 2.3 x 0.5","36.8 x 58.4 x 12.7",40,,100,2.5,,"36 to 75",N/A,
8970217,UVQ-2.5/40-D48NB-C,,"1.45 x 2.3 x 0.5","36.8 x 58.4 x 12.7",40,,100,2.5,,"36 to 75",N/A,
8170215,UVQ-2.5/40-D48PB,,"1.45 x 2.3 x 0.5","36.8 x 58.4 x 12.7",40,,100,2.5,,"36 to 75",N/A,
8970215,UVQ-2.5/40-D48PB-C,,"1.45 x 2.3 x 0.5","36.8 x 58.4 x 12.7",40,,100,2.5,,"36 to 75",N/A,
8970214,UVQ-3.3/30-D24NB-C,,"1.45 x 2.3 x 0.5","36.8 x 58.4 x 12.7",30,,99,3.3,,"18 to 36",N/A,
8971213,UVQ-3.3/30-D24PB-C,,"1.45 x 2.3 x 0.5","36.8 x 58.4 x 12.7",30,,99,3.3,,"18 to 36",N/A,
8971212,UVQ-3.3/35-D48NB-C,,"1.45 x 2.3 x 0.5","36.8 x 58.4 x 12.7",35,,115.5,3.3,,"36 to 75",N/A,
8970211,UVQ-3.3/35-D48PB-C,,"1.45 x 2.3 x 0.5","36.8 x 58.4 x 12.7",35,,115.5,3.3,,"36 to 75",N/A,
8970210,UVQ-5/20-D24NB-C,,"1.45 x 2.3 x 0.5","36.8 x 58.4 x 12.7",20,,100,5,,"18 to 36",N/A,
8971203,UVQ-5/20-D48NB-C,,"1.45 x 2.3 x 0.5","36.8 x 58.4 x 12.7",20,,100,5,,"36 to 75",N/A,
8971202,UVQ-5/20-D48PB-C,,"1.45 x 2.3 x 0.5","36.8 x 58.4 x 12.7",20,,100,5,,"36 to 75",N/A,
8999627,,power_store_view,,,25,,,,,,,
8999627,,murataps_store_view,,,25,,,,,,,
8999627,,wireless_store_view,,,25,,,,,,,
8999627,,default,,,25,,,,,,,
8999854,,power_store_view,,,88,,,,,,,
8999854,,murataps_store_view,,,88,,,,,,,
8999854,,wireless_store_view,,,88,,,,,,,
8999854,,default,,,88,,,,,,,
8999889,,power_store_view,,,88,,,,,,,
8999889,,murataps_store_view,,,88,,,,,,,
8999889,,wireless_store_view,,,88,,,,,,,
8999889,,default,,,88,,,,,,,
8999894,,power_store_view,,,88,,,,,,,
8999894,,murataps_store_view,,,88,,,,,,,
8999894,,wireless_store_view,,,88,,,,,,,
8999894,,default,,,88,,,,,,,
