sku,name,current_rating,inductors_dc_current_max_a,dc_resistance_max,inductors_dc_resist_max_mom,cmc_dc_resistance_max_mom,dc_resistance_secondary_max,dimension,dimensions_mm,inductors_height_inch,as_tran_height_inch,cs_tran_height_inch,p_tran_height_inch,p_tran_interwind_capac_max_pf,isolation_voltage,as_tran_isolation_voltage_vrms,p_tran_isolation_voltage_vrms,max_leakage_inductance,p_tran_pri_dc_resist_max_om,primary_inductance_typical,rohs_6,turn_ratio,as_tran_turn_ratio,p_tran_turn_ratio,volt_time_product,store_view_code,errors
76253/55ENC,,,,0.9,,,0.9,"0.590 x 0.590 x 0.492","15.0 x 15.0 x 12.5",,0.492,,,,6000,,,,,,Yes,1:01.0,"1 to 1.33",,30,murataps_store_view,
76253/55ENC,76253/55ENC,,,0.9,,,0.9,"0.590 x 0.590 x 0.492","15.0 x 15.0 x 12.5",,0.492,,,,6000,,,,,,Yes,1:01.0,"1 to 1.33",,30,,
78253/55C,78253/55C,,,1.5,,,,,,,0.25,,,,1500,,,1,,0.83,Yes,01:01.0,"1 to 1.31",,50,,
78253/55C,,,,1.5,,,,,,,0.25,,,,1500,,,1,,0.83,Yes,01:01.3,"1 to 1.31",,50,murataps_store_view,
78253/55VC,,,,0.6,,,,,,,0.25,,,,4000,,,8,,240,Yes,01:01.4,"1 to 1.33",,28,murataps_store_view,
78253/55VC,78253/55VC,,,0.6,,,,,,,0.25,,,,4000,,,8,,240,Yes,01:01.4,"1 to 1.33",,28,,
78253/35VC,,,,0.5,,,,,,,0.25,,,,4000,,,5,,142,Yes,01:02.2,"1 to 2.14",,22,murataps_store_view,
78253/35VC,78253/35VC,,,0.5,,,,,,,0.25,,,,4000,,,5,,142,Yes,01:02.2,"1 to 2.14",,22,,
78253/35C,,,,1,,,,,,,0.25,,,,1500,,,1,,0.38,Yes,01:02.3,"1 to 2.27",,35,murataps_store_view,
78253/35C,78253/35C,,,1,,,,,,,0.25,,,,1500,,,1,,0.38,Yes,01:02.3,"1 to 2.27",,35,,
76601/1C,,,,1.5,,,,"0.50 x 0.35 x 0.25","12.7 x 8.89 x 6.35",,,,0.25,49,500,,500,,1.5,,Yes,1:01,,"1 to 1",17.5,murataps_store_view,
76601/1C,76601/1C,,,1.5,,,,"0.50 x 0.35 x 0.25","12.7 x 8.89 x 6.35",,,,0.25,49,500,,500,,1.5,,Yes,1:01,,"1 to 1",17.5,,
76601/2C,,,,0.8,,,,"0.50 x 0.35 x 0.25","12.7 x 8.89 x 6.35",,,,0.25,22,500,,500,,0.8,,Yes,1:01,,"1 to 1",8.5,murataps_store_view,
76601/2C,76601/2C,,,0.8,,,,"0.50 x 0.35 x 0.25","12.7 x 8.89 x 6.35",,,,0.25,22,500,,500,,0.8,,Yes,1:01,,"1 to 1",8.5,,
76601/3C,,,,0.5,,,,"0.50 x 0.35 x 0.25","12.7 x 8.89 x 6.35",,,,0.25,12,500,,500,,0.5,,Yes,1:01,,"1 to 1",5.5,murataps_store_view,
76601/3C,76601/3C,,,0.5,,,,"0.50 x 0.35 x 0.25","12.7 x 8.89 x 6.35",,,,0.25,12,500,,500,,0.5,,Yes,1:01,,"1 to 1",5.5,,
78250C,,,,2,,,,,,,0.25,,,,1500,1500,,3,,2,Yes,1:01,"1 to 1",,50,murataps_store_view,
78250C,78250C,,,2,,,,,,,0.25,,,,1500,1500,,3,,2,Yes,1:01,"1 to 1",,50,,
78250VC,,,,1.8,,,,,,,0.25,,,,4000,4000,,40,,2,Yes,1:01,"1 to 1",,50,murataps_store_view,
78250VC,78250VC,,,1.8,,,,,,,0.25,,,,4000,4000,,40,,2,Yes,1:01,"1 to 1",,50,,
78601/16C,,,,0.84,,,,,,,,,0.25,,1000,,1000,,0.84,,Yes,1:01,,"1 to 1",28,murataps_store_view,
78601/16C,78601/16C,,,0.84,,,,,,,,,0.25,,1000,,1000,,0.84,,Yes,1:01,,"1 to 1",28,,
78601/1C,,,,0.6,,,,,,,,,0.25,,1000,,1000,,0.6,,Yes,1:01,,"1 to 1",,murataps_store_view,
78601/1C,78601/1C,,,0.6,,,,,,,,,0.25,,1000,,1000,,0.6,,Yes,1:01,,"1 to 1",,,
78601/2C,,,,0.34,,,,,,,,,0.25,,1000,,1000,,0.34,,Yes,1:01,,"1 to 1",,murataps_store_view,
78601/2C,78601/2C,,,0.34,,,,,,,,,0.25,,1000,,1000,,0.34,,Yes,1:01,,"1 to 1",,,
78601/3C,,,,0.25,,,,,,,,,0.25,,1000,,1000,,0.25,,Yes,1:01,,"1 to 1",,murataps_store_view,
78601/3C,78601/3C,,,0.25,,,,,,,,,0.25,,1000,,1000,,0.25,,Yes,1:01,,"1 to 1",,,
78601/4C,,,,0.17,,,,,,,,,0.25,,1000,,1000,,0.17,,Yes,1:01,,"1 to 1",,murataps_store_view,
78601/4C,78601/4C,,,0.17,,,,,,,,,0.25,,1000,,1000,,0.17,,Yes,1:01,,"1 to 1",,,
78601/8C,,,,0.45,,,,,,,,,0.25,,1000,,1000,,0.45,,Yes,1:01,,"1 to 1",,murataps_store_view,
78601/8C,78601/8C,,,0.45,,,,,,,,,0.25,,1000,,1000,,0.45,,Yes,1:01,,"1 to 1",,,
78601/9C,,,,1.3,,,,,,,,,0.25,,1000,,1000,,1.3,,Yes,1:01,,"1 to 1",,murataps_store_view,
78601/9C,78601/9C,,,1.3,,,,,,,,,0.25,,1000,,1000,,1.3,,Yes,1:01,,"1 to 1",,,
DA101C,,,,,,,,"0.375 x 0.354 x 0.25","9.52 x 9.00 x 6.35",,0.25,,,,,2000,,0.26,,1.00-2.06,Yes,1:01,"1 to 1",,15,murataps_store_view,
DA101C,DA101C,,,,,,,"0.375 x 0.354 x 0.25","9.52 x 9.00 x 6.35",,0.25,,,,,2000,,0.26,,1.00-2.06,Yes,1:01,"1 to 1",,15,,
DA102C,,,,,,,,"0.375 x 0.354 x 0.25","9.52 x 9.00 x 6.35",,0.25,,,,,2000,,0.39,,2.00-3.90,Yes,1:01,"1 to 1",,20,murataps_store_view,
DA102C,DA102C,,,,,,,"0.375 x 0.354 x 0.25","9.52 x 9.00 x 6.35",,0.25,,,,,2000,,0.39,,2.00-3.90,Yes,1:01,"1 to 1",,20,,
DA103C,,,,,,,,"0.375 x 0.354 x 0.25","9.52 x 9.00 x 6.35",,0.25,,,,,2000,,0.91,,4.00-7.75,Yes,1:01,"1 to 1",,28,murataps_store_view,
DA103C,DA103C,,,,,,,"0.375 x 0.354 x 0.25","9.52 x 9.00 x 6.35",,0.25,,,,,2000,,0.91,,4.00-7.75,Yes,1:01,"1 to 1",,28,,
76602/1C,,,,1.5,,,,"0.50 x 0.35 x 0.25","12.7 x 8.89 x 6.35",,,,0.25,72,500,,500,,1.5,,Yes,1:01:01,,"1 to 1 to 1",17.5,murataps_store_view,
76602/1C,76602/1C,,,1.5,,,,"0.50 x 0.35 x 0.25","12.7 x 8.89 x 6.35",,,,0.25,72,500,,500,,1.5,,Yes,1:01:01,,"1 to 1 to 1",17.5,,
78602/16C,,,,0.92,,,,,,,,,0.25,,1000,,1000,,0.92,,Yes,1:01:01,,"1 to 1 to 1",,murataps_store_view,
78602/16C,78602/16C,,,0.92,,,,,,,,,0.25,,1000,,1000,,0.92,,Yes,1:01:01,,"1 to 1 to 1",,,
78602/1C,,,,0.66,,,,,,,,,0.25,,1000,,1000,,0.66,,Yes,1:01:01,,"1 to 1 to 1",,murataps_store_view,
78602/1C,78602/1C,,,0.66,,,,,,,,,0.25,,1000,,1000,,0.66,,Yes,1:01:01,,"1 to 1 to 1",,,
78602/2C,,,,0.34,,,,,,,,,0.25,,1000,,1000,,0.34,,Yes,1:01:01,,"1 to 1 to 1",,murataps_store_view,
78602/2C,78602/2C,,,0.34,,,,,,,,,0.25,,1000,,1000,,0.34,,Yes,1:01:01,,"1 to 1 to 1",,,
78602/3C,,,,0.24,,,,,,,,,0.25,,1000,,1000,,0.24,,Yes,1:01:01,,"1 to 1 to 1",,murataps_store_view,
78602/3C,78602/3C,,,0.24,,,,,,,,,0.25,,1000,,1000,,0.24,,Yes,1:01:01,,"1 to 1 to 1",,,
78602/4C,,,,0.18,,,,,,,,,0.25,,1000,,1000,,0.18,,Yes,1:01:01,,"1 to 1 to 1",,murataps_store_view,
78602/4C,78602/4C,,,0.18,,,,,,,,,0.25,,1000,,1000,,0.18,,Yes,1:01:01,,"1 to 1 to 1",,,
78602/8C,,,,0.46,,,,,,,,,0.25,,1000,,1000,,0.46,,Yes,1:01:01,,"1 to 1 to 1",,murataps_store_view,
78602/8C,78602/8C,,,0.46,,,,,,,,,0.25,,1000,,1000,,0.46,,Yes,1:01:01,,"1 to 1 to 1",,,
78602/9C,,,,1.34,,,,,,,,,0.25,,1000,,1000,,1.34,,Yes,1:01:01,,"1 to 1 to 1",,murataps_store_view,
78602/9C,78602/9C,,,1.34,,,,,,,,,0.25,,1000,,1000,,1.34,,Yes,1:01:01,,"1 to 1 to 1",,,
54050C,,,,0.007,,7,0.5,"0.354 x 0.425 x 0.323","9.2 x 10.8 x 8.2",,,0.323,,,,,,3.8,,,Yes,1:01:50,,,,murataps_store_view,
54050C,54050C,,,0.007,,7,0.5,"0.354 x 0.425 x 0.323","9.2 x 10.8 x 8.2",,,0.323,,,,,,3.8,,,Yes,1:01:50,,,,,
54100C,,,,0.007,,7,3.2,"0.354 x 0.425 x 0.323","9.2 x 10.8 x 8.2",,,0.323,,,,,,14.8,,,Yes,1:01:100,,,,murataps_store_view,
54100C,54100C,,,0.007,,7,3.2,"0.354 x 0.425 x 0.323","9.2 x 10.8 x 8.2",,,0.323,,,,,,14.8,,,Yes,1:01:100,,,,,
54200C,,,,0.007,,7,6.6,"0.354 x 0.425 x 0.323","9.2 x 10.8 x 8.2",,,0.323,,,,,,60,,,Yes,1:01:200,,,,murataps_store_view,
54200C,54200C,,,0.007,,7,6.6,"0.354 x 0.425 x 0.323","9.2 x 10.8 x 8.2",,,0.323,,,,,,60,,,Yes,1:01:200,,,,,
53020C,,,,0.007,,7,0.55,"0.283 x 0.327 x 0.213","7.2 x 8.3 x 5.4",,,0.213,,,,,,0.08,,,Yes,1:20,,,,murataps_store_view,
53020C,53020C,,,0.007,,7,0.55,"0.283 x 0.327 x 0.213","7.2 x 8.3 x 5.4",,,0.213,,,,,,0.08,,,Yes,1:20,,,,,
53030C,,,,0.007,,7,0.85,"0.283 x 0.327 x 0.213","7.2 x 8.3 x 5.4",,,0.213,,,,,,0.18,,,Yes,1:30,,,,murataps_store_view,
53030C,53030C,,,0.007,,7,0.85,"0.283 x 0.327 x 0.213","7.2 x 8.3 x 5.4",,,0.213,,,,,,0.18,,,Yes,1:30,,,,,
53040C,,,,0.007,,7,1.1,"0.283 x 0.327 x 0.213","7.2 x 8.3 x 5.4",,,0.213,,,,,,0.32,,,Yes,1:40,,,,murataps_store_view,
53040C,53040C,,,0.007,,7,1.1,"0.283 x 0.327 x 0.213","7.2 x 8.3 x 5.4",,,0.213,,,,,,0.32,,,Yes,1:40,,,,,
53050C,,,,0.007,,7,1.75,"0.283 x 0.327 x 0.213","7.2 x 8.3 x 5.4",,,0.213,,,,,,0.5,,,Yes,1:50,,,,murataps_store_view,
53050C,53050C,,,0.007,,7,1.75,"0.283 x 0.327 x 0.213","7.2 x 8.3 x 5.4",,,0.213,,,,,,0.5,,,Yes,1:50,,,,,
53060C,,,,0.007,,7,2.2,"0.283 x 0.327 x 0.213","7.2 x 8.3 x 5.4",,,0.213,,,,,,0.72,,,Yes,1:60,,,,murataps_store_view,
53060C,53060C,,,0.007,,7,2.2,"0.283 x 0.327 x 0.213","7.2 x 8.3 x 5.4",,,0.213,,,,,,0.72,,,Yes,1:60,,,,,
78604/16C,,,,0.85,,,,,,,,,0.25,,1000,,1000,,0.85,,Yes,2:01,,"2 to 1",,murataps_store_view,
78604/16C,78604/16C,,,0.85,,,,,,,,,0.25,,1000,,1000,,0.85,,Yes,2:01,,"2 to 1",,,
78604/1C,,,,0.6,,,,,,,,,0.25,,1000,,1000,,0.6,,Yes,2:01,,"2 to 1",,murataps_store_view,
78604/1C,78604/1C,,,0.6,,,,,,,,,0.25,,1000,,1000,,0.6,,Yes,2:01,,"2 to 1",,,
78604/2C,,,,0.34,,,,,,,,,0.25,,1000,,1000,,0.34,,Yes,2:01,,"2 to 1",,murataps_store_view,
78604/2C,78604/2C,,,0.34,,,,,,,,,0.25,,1000,,1000,,0.34,,Yes,2:01,,"2 to 1",,,
78604/3C,,,,0.25,,,,,,,,,0.25,,1000,,1000,,0.25,,Yes,2:01,,"2 to 1",,murataps_store_view,
78604/3C,78604/3C,,,0.25,,,,,,,,,0.25,,1000,,1000,,0.25,,Yes,2:01,,"2 to 1",,,
78604/4C,,,,0.18,,,,,,,,,0.25,,1000,,1000,,0.18,,Yes,2:01,,"2 to 1",,murataps_store_view,
78604/4C,78604/4C,,,0.18,,,,,,,,,0.25,,1000,,1000,,0.18,,Yes,2:01,,"2 to 1",,,
78604/8C,,,,0.46,,,,,,,,,0.25,,1000,,1000,,0.46,,Yes,2:01,,"2 to 1",,murataps_store_view,
78604/8C,78604/8C,,,0.46,,,,,,,,,0.25,,1000,,1000,,0.46,,Yes,2:01,,"2 to 1",,,
78604/9C,,,,1.23,,,,,,,,,0.25,,1000,,1000,,1.23,,Yes,2:01,,"2 to 1",,murataps_store_view,
78604/9C,78604/9C,,,1.23,,,,,,,,,0.25,,1000,,1000,,1.23,,Yes,2:01,,"2 to 1",,,
1003C,,,,5,,,,,,,,,0.62,58,2000,,2000,,5,,Yes,2:01:01,,"2 to 1 to 1",,murataps_store_view,
1003C,1003C,,,5,,,,,,,,,0.62,58,2000,,2000,,5,,Yes,2:01:01,,"2 to 1 to 1",,,
53070C,,,,0.007,,7,4.5,"0.283 x 0.327 x 0.213","7.2 x 8.3 x 5.4",,,0.213,,,,,,0.98,,,Yes,1:70,,,,murataps_store_view,
53070C,53070C,,,0.007,,7,4.5,"0.283 x 0.327 x 0.213","7.2 x 8.3 x 5.4",,,0.213,,,,,,0.98,,,Yes,1:70,,,,,
53100C,,,,0.007,,7,5.6,"0.283 x 0.327 x 0.213","7.2 x 8.3 x 5.4",,,0.213,,,,,,2,,,Yes,1:100,,,,murataps_store_view,
53100C,53100C,,,0.007,,7,5.6,"0.283 x 0.327 x 0.213","7.2 x 8.3 x 5.4",,,0.213,,,,,,2,,,Yes,1:100,,,,,
53125C,,,,0.007,,7,7.5,"0.283 x 0.327 x 0.213","7.2 x 8.3 x 5.4",,,0.213,,,,,,3,,,Yes,1:125,,,,murataps_store_view,
53125C,53125C,,,0.007,,7,7.5,"0.283 x 0.327 x 0.213","7.2 x 8.3 x 5.4",,,0.213,,,,,,3,,,Yes,1:125,,,,,
53150C,,,,0.007,,7,17.5,"0.283 x 0.327 x 0.213","7.2 x 8.3 x 5.4",,,0.213,,,,,,4.5,,,Yes,1:150,,,,murataps_store_view,
53150C,53150C,,,0.007,,7,17.5,"0.283 x 0.327 x 0.213","7.2 x 8.3 x 5.4",,,0.213,,,,,,4.5,,,Yes,1:150,,,,,
76611/2C,,,,0.8,,,,"0.50 x 0.35 x 0.25","12.7 x 8.89 x 6.35",,,,0.25,13,500,,500,,0.8,,Yes,4:01:01,,"4 to 1 to 1",9.92,murataps_store_view,"Value for 'turn_ratio' attribute contains incorrect value, see acceptable values on settings specified for Admin,Value for 'volt_time_product' attribute contains incorrect value, see acceptable values on settings specified for Admin"
76611/2C,76611/2C,,,0.8,,,,"0.50 x 0.35 x 0.25","12.7 x 8.89 x 6.35",,,,0.25,13,500,,500,,0.8,,Yes,4:01:01,,"4 to 1 to 1",9.92,,"Value for 'turn_ratio' attribute contains incorrect value, see acceptable values on settings specified for Admin,Value for 'volt_time_product' attribute contains incorrect value, see acceptable values on settings specified for Admin"
53200C,,,,0.007,,7,34,"0.283 x 0.327 x 0.213","7.2 x 8.3 x 5.4",,,0.213,,,,,,8,,,Yes,1:200,,,,murataps_store_view,
53200C,53200C,,,0.007,,7,34,"0.283 x 0.327 x 0.213","7.2 x 8.3 x 5.4",,,0.213,,,,,,8,,,Yes,1:200,,,,,
78601/16JC,,,,0.84,,,,,,,,,0.25,,1000,1000,1000,,0.84,,Yes,1.1,,"1 to 1",,murataps_store_view,
78601/16JC,78601/16JC,,,0.84,,,,,,,,,0.25,,1000,1000,1000,,0.84,,Yes,1.1,,"1 to 1",,,
78601/1JC,,,,0.6,,,,,,,,,0.25,,1000,1000,1000,,0.6,,Yes,1.1,,"1 to 1",,murataps_store_view,
78601/1JC,78601/1JC,,,0.6,,,,,,,,,0.25,,1000,1000,1000,,0.6,,Yes,1.1,,"1 to 1",,,
78601/2JC,,,,0.34,,,,,,,,,0.25,,1000,1000,1000,,0.34,,Yes,1.1,,"1 to 1",,murataps_store_view,
78601/2JC,78601/2JC,,,0.34,,,,,,,,,0.25,,1000,1000,1000,,0.34,,Yes,1.1,,"1 to 1",,,
78601/3JC,,,,0.25,,,,,,,,,0.25,,1000,1000,1000,,0.25,,Yes,1.1,,"1 to 1",,murataps_store_view,
78601/3JC,78601/3JC,,,0.25,,,,,,,,,0.25,,1000,1000,1000,,0.25,,Yes,1.1,,"1 to 1",,,
78601/4JC,,,,0.17,,,,,,,,,0.25,,1000,1000,1000,,0.17,,Yes,1.1,,"1 to 1",,murataps_store_view,
78601/4JC,78601/4JC,,,0.17,,,,,,,,,0.25,,1000,1000,1000,,0.17,,Yes,1.1,,"1 to 1",,,
78601/8JC,,,,0.45,,,,,,,,,0.25,,1000,1000,1000,,0.45,,Yes,1.1,,"1 to 1",,murataps_store_view,
78601/8JC,78601/8JC,,,0.45,,,,,,,,,0.25,,1000,1000,1000,,0.45,,Yes,1.1,,"1 to 1",,,
78601/9JC,,,,1.3,,,,,,,,,0.25,,1000,1000,1000,,1.3,,Yes,1.1,,"1 to 1",,murataps_store_view,
78601/9JC,78601/9JC,,,1.3,,,,,,,,,0.25,,1000,1000,1000,,1.3,,Yes,1.1,,"1 to 1",,,
78602/16JC,,,,1.2,,,,,,,,,0.25,,1000,1000,1000,,1.2,,Yes,1.1,,"1 to 1 to 1",,murataps_store_view,
78602/16JC,78602/16JC,,,1.2,,,,,,,,,0.25,,1000,1000,1000,,1.2,,Yes,1.1,,"1 to 1 to 1",,,
78602/1JC,,,,0.66,,,,,,,,,0.25,,1000,1000,1000,,0.66,,Yes,1.1,,"1 to 1 to 1",,murataps_store_view,
78602/1JC,78602/1JC,,,0.66,,,,,,,,,0.25,,1000,1000,1000,,0.66,,Yes,1.1,,"1 to 1 to 1",,,
78602/2JC,,,,0.34,,,,,,,,,0.25,,1000,1000,1000,,0.34,,Yes,1.1,,"1 to 1 to 1",,murataps_store_view,
78602/2JC,78602/2JC,,,0.34,,,,,,,,,0.25,,1000,1000,1000,,0.34,,Yes,1.1,,"1 to 1 to 1",,,
78602/3JC,,,,0.24,,,,,,,,,0.25,,1000,1000,1000,,0.24,,Yes,1.1,,"1 to 1 to 1",,murataps_store_view,
78602/3JC,78602/3JC,,,0.24,,,,,,,,,0.25,,1000,1000,1000,,0.24,,Yes,1.1,,"1 to 1 to 1",,,
78602/4JC,,,,0.18,,,,,,,,,0.25,,1000,1000,1000,,0.18,,Yes,1.1,,"1 to 1 to 1",,murataps_store_view,
78602/4JC,78602/4JC,,,0.18,,,,,,,,,0.25,,1000,1000,1000,,0.18,,Yes,1.1,,"1 to 1 to 1",,,
78602/8JC,,,,0.46,,,,,,,,,0.25,,1000,1000,1000,,0.46,,Yes,1.1,,"1 to 1 to 1",,murataps_store_view,
78602/8JC,78602/8JC,,,0.46,,,,,,,,,0.25,,1000,1000,1000,,0.46,,Yes,1.1,,"1 to 1 to 1",,,
78602/9JC,,,,1.8,,,,,,,,,0.25,,1000,1000,1000,,1.8,,Yes,1.1,,"1 to 1 to 1",,murataps_store_view,
78602/9JC,78602/9JC,,,1.8,,,,,,,,,0.25,,1000,1000,1000,,1.8,,Yes,1.1,,"1 to 1 to 1",,,
78604/16JC,,,,0.85,,,,,,,,,0.25,,1000,1000,1000,,0.85,,Yes,2.1,,"2 to 1",,murataps_store_view,
78604/16JC,78604/16JC,,,0.85,,,,,,,,,0.25,,1000,1000,1000,,0.85,,Yes,2.1,,"2 to 1",,,
78604/1JC,,,,0.6,,,,,,,,,0.25,,1000,1000,1000,,0.6,,Yes,2.1,,"2 to 1",,murataps_store_view,
78604/1JC,78604/1JC,,,0.6,,,,,,,,,0.25,,1000,1000,1000,,0.6,,Yes,2.1,,"2 to 1",,,
78604/2JC,,,,0.34,,,,,,,,,0.25,,1000,1000,1000,,0.34,,Yes,2.1,,"2 to 1",,murataps_store_view,
78604/2JC,78604/2JC,,,0.34,,,,,,,,,0.25,,1000,1000,1000,,0.34,,Yes,2.1,,"2 to 1",,,
78604/3JC,,,,0.25,,,,,,,,,0.25,,1000,1000,1000,,0.25,,Yes,2.1,,"2 to 1",,murataps_store_view,
78604/3JC,78604/3JC,,,0.25,,,,,,,,,0.25,,1000,1000,1000,,0.25,,Yes,2.1,,"2 to 1",,,
78604/4JC,,,,0.18,,,,,,,,,0.25,,1000,1000,1000,,0.18,,Yes,2.1,,"2 to 1",,murataps_store_view,
78604/4JC,78604/4JC,,,0.18,,,,,,,,,0.25,,1000,1000,1000,,0.18,,Yes,2.1,,"2 to 1",,,
78604/8JC,,,,0.46,,,,,,,,,0.25,,1000,1000,1000,,0.46,,Yes,2.1,,"2 to 1",,murataps_store_view,
78604/8JC,78604/8JC,,,0.46,,,,,,,,,0.25,,1000,1000,1000,,0.46,,Yes,2.1,,"2 to 1",,,
78604/9JC,,,,1.23,,,,,,,,,0.25,,1000,1000,1000,,1.23,,Yes,2.1,,"2 to 1",,murataps_store_view,
78604/9JC,78604/9JC,,,1.23,,,,,,,,,0.25,,1000,1000,1000,,1.23,,Yes,2.1,,"2 to 1",,,
782482/53VC,,,,0.6,,,,,,,0.25,,,,,4000,,8,,,Yes,1.14CT:1CT,"1.14CT to 1CT",,13,murataps_store_view,
782482/53VC,782482/53VC,,,0.6,,,,,,,0.25,,,,,4000,,8,,,Yes,1.14CT:1CT,"1.14CT to 1CT",,13,,
76253/35ENC,,,,0.8,,,0.8,"0.590 x 0.590 x 0.492","15.0 x 15.0 x 12.5",,0.492,,,,6000,,,,,200,Yes,1:2.236,"1 to 2.236",,25,murataps_store_view,
76253/35ENC,76253/35ENC,,,0.8,,,0.8,"0.590 x 0.590 x 0.492","15.0 x 15.0 x 12.5",,0.492,,,,6000,,,,,200,Yes,1:2.236,"1 to 2.236",,25,,
76250ENC,,,,2,,,2,"0.590 x 0.590 x 0.492","15.0 x 15.0 x 12.5",,0.492,,,,6000,,,,,2,Yes,1CT:1,"1CT to 1",,50,murataps_store_view,
76250ENC,76250ENC,,,2,,,2,"0.590 x 0.590 x 0.492","15.0 x 15.0 x 12.5",,0.492,,,,6000,,,,,2,Yes,1CT:1,"1CT to 1",,50,,
78613/16C,,,,0.88,,,,,,,,,0.25,,1000,,1000,,0.88,,Yes,1CT:1,,"1CT to 1",,murataps_store_view,
78613/16C,78613/16C,,,0.88,,,,,,,,,0.25,,1000,,1000,,0.88,,Yes,1CT:1,,"1CT to 1",,,
78613/16JC,,,,0.88,,,,,,,,,0.25,,1000,1000,1000,,0.88,,Yes,1CT:1,,"1CT to 1",,murataps_store_view,
78613/16JC,78613/16JC,,,0.88,,,,,,,,,0.25,,1000,1000,1000,,0.88,,Yes,1CT:1,,"1CT to 1",,,
78613/1C,,,,0.63,,,,,,,,,0.25,,1000,,1000,,0.63,,Yes,1CT:1,,"1CT to 1",,murataps_store_view,
78613/1C,78613/1C,,,0.63,,,,,,,,,0.25,,1000,,1000,,0.63,,Yes,1CT:1,,"1CT to 1",,,
78613/1JC,,,,0.63,,,,,,,,,0.25,,1000,1000,1000,,0.63,,Yes,1CT:1,,"1CT to 1",,murataps_store_view,
78613/1JC,78613/1JC,,,0.63,,,,,,,,,0.25,,1000,1000,1000,,0.63,,Yes,1CT:1,,"1CT to 1",,,
78613/2C,,,,0.36,,,,,,,,,0.25,,1000,,1000,,0.36,,Yes,1CT:1,,"1CT to 1",,murataps_store_view,
78613/2C,78613/2C,,,0.36,,,,,,,,,0.25,,1000,,1000,,0.36,,Yes,1CT:1,,"1CT to 1",,,
78613/2JC,,,,0.36,,,,,,,,,0.25,,1000,1000,1000,,0.36,,Yes,1CT:1,,"1CT to 1",,murataps_store_view,
78613/2JC,78613/2JC,,,0.36,,,,,,,,,0.25,,1000,1000,1000,,0.36,,Yes,1CT:1,,"1CT to 1",,,
78613/3C,,,,0.25,,,,,,,,,0.25,,1000,,1000,,0.25,,Yes,1CT:1,,"1CT to 1",,murataps_store_view,
78613/3C,78613/3C,,,0.25,,,,,,,,,0.25,,1000,,1000,,0.25,,Yes,1CT:1,,"1CT to 1",,,
78613/3JC,,,,0.25,,,,,,,,,0.25,,1000,1000,1000,,0.25,,Yes,1CT:1,,"1CT to 1",,murataps_store_view,
78613/3JC,78613/3JC,,,0.25,,,,,,,,,0.25,,1000,1000,1000,,0.25,,Yes,1CT:1,,"1CT to 1",,,
78613/4C,,,,0.2,,,,,,,,,0.25,,1000,,1000,,0.2,,Yes,1CT:1,,"1CT to 1",,murataps_store_view,
78613/4C,78613/4C,,,0.2,,,,,,,,,0.25,,1000,,1000,,0.2,,Yes,1CT:1,,"1CT to 1",,,
78613/4JC,,,,0.2,,,,,,,,,0.25,,1000,1000,1000,,0.2,,Yes,1CT:1,,"1CT to 1",,murataps_store_view,
78613/4JC,78613/4JC,,,0.2,,,,,,,,,0.25,,1000,1000,1000,,0.2,,Yes,1CT:1,,"1CT to 1",,,
78613/8C,,,,0.48,,,,,,,,,0.25,,1000,,1000,,0.48,,Yes,1CT:1,,"1CT to 1",,murataps_store_view,
78613/8C,78613/8C,,,0.48,,,,,,,,,0.25,,1000,,1000,,0.48,,Yes,1CT:1,,"1CT to 1",,,
78613/8JC,,,,0.48,,,,,,,,,0.25,,1000,1000,1000,,0.48,,Yes,1CT:1,,"1CT to 1",,murataps_store_view,
78613/8JC,78613/8JC,,,0.48,,,,,,,,,0.25,,1000,1000,1000,,0.48,,Yes,1CT:1,,"1CT to 1",,,
78613/9C,,,,1.33,,,,,,,,,0.25,,1000,,1000,,1.33,,Yes,1CT:1,,"1CT to 1",,murataps_store_view,
78613/9C,78613/9C,,,1.33,,,,,,,,,0.25,,1000,,1000,,1.33,,Yes,1CT:1,,"1CT to 1",,,
78613/9JC,,,,1.33,,,,,,,,,0.25,,1000,1000,1000,,1.33,,Yes,1CT:1,,"1CT to 1",,murataps_store_view,
78613/9JC,78613/9JC,,,1.33,,,,,,,,,0.25,,1000,1000,1000,,1.33,,Yes,1CT:1,,"1CT to 1",,,
782482/33VC,,,,0.6,,,,,,,0.25,,,,,4000,,8,,,Yes,1CT:1.3CT,"1CT to 1.33CT",,13,murataps_store_view,
782482/33VC,782482/33VC,,,0.6,,,,,,,0.25,,,,,4000,,8,,,Yes,1CT:1.3CT,"1CT to 1.33CT",,13,,
782485/55C,,,,0.6,,,,,,,0.25,,,,,2500,,,,,Yes,1CT:1.5CT,,,19,murataps_store_view,
782485/55C,782485/55C,,,0.6,,,,,,,0.25,,,,,2500,,,,,Yes,1CT:1.5CT,,,19,,
76615/1C,,,,1,,,,"0.50 x 0.35 x 0.25","12.7 x 8.89 x 6.35",,,,0.25,75,500,,500,,1,,Yes,1CT:1CT,,"1CT to 1CT",45,murataps_store_view,
76615/1C,76615/1C,,,1,,,,"0.50 x 0.35 x 0.25","12.7 x 8.89 x 6.35",,,,0.25,75,500,,500,,1,,Yes,1CT:1CT,,"1CT to 1CT",45,,
78615/16C,,,,0.87,,,,,,,,,0.25,,1000,,1000,,0.87,,Yes,1CT:1CT,,"1CT to 1CT",,murataps_store_view,
78615/16C,78615/16C,,,0.87,,,,,,,,,0.25,,1000,,1000,,0.87,,Yes,1CT:1CT,,"1CT to 1CT",,,
78615/16JC,,,,0.92,,,,,,,,,0.25,,1000,1000,1000,,0.92,,Yes,1CT:1CT,,"1CT to 1CT",,murataps_store_view,
78615/16JC,78615/16JC,,,0.92,,,,,,,,,0.25,,1000,1000,1000,,0.92,,Yes,1CT:1CT,,"1CT to 1CT",,,
78615/1C,,,,0.6,,,,,,,,,0.25,,1000,,1000,,0.6,,Yes,1CT:1CT,,"1CT to 1CT",,murataps_store_view,
78615/1C,78615/1C,,,0.6,,,,,,,,,0.25,,1000,,1000,,0.6,,Yes,1CT:1CT,,"1CT to 1CT",,,
78615/1JC,,,,0.6,,,,,,,,,0.25,,1000,1000,1000,,0.6,,Yes,1CT:1CT,,"1CT to 1CT",,murataps_store_view,
78615/1JC,78615/1JC,,,0.6,,,,,,,,,0.25,,1000,1000,1000,,0.6,,Yes,1CT:1CT,,"1CT to 1CT",,,
78615/2C,,,,0.34,,,,,,,,,0.25,,1000,,1000,,0.34,,Yes,1CT:1CT,,"1CT to 1CT",,murataps_store_view,
78615/2C,78615/2C,,,0.34,,,,,,,,,0.25,,1000,,1000,,0.34,,Yes,1CT:1CT,,"1CT to 1CT",,,
78615/2JC,,,,0.34,,,,,,,,,0.25,,1000,1000,1000,,0.34,,Yes,1CT:1CT,,"1CT to 1CT",,murataps_store_view,
78615/2JC,78615/2JC,,,0.34,,,,,,,,,0.25,,1000,1000,1000,,0.34,,Yes,1CT:1CT,,"1CT to 1CT",,,
78615/3C,,,,0.24,,,,,,,,,0.25,,1000,,1000,,0.24,,Yes,1CT:1CT,,"1CT to 1CT",,murataps_store_view,
78615/3C,78615/3C,,,0.24,,,,,,,,,0.25,,1000,,1000,,0.24,,Yes,1CT:1CT,,"1CT to 1CT",,,
78615/3JC,,,,0.24,,,,,,,,,0.25,,1000,1000,1000,,0.24,,Yes,1CT:1CT,,"1CT to 1CT",,murataps_store_view,
78615/3JC,78615/3JC,,,0.24,,,,,,,,,0.25,,1000,1000,1000,,0.24,,Yes,1CT:1CT,,"1CT to 1CT",,,
78615/4C,,,,0.17,,,,,,,,,0.25,,1000,,1000,,0.17,,Yes,1CT:1CT,,"1CT to 1CT",,murataps_store_view,
78615/4C,78615/4C,,,0.17,,,,,,,,,0.25,,1000,,1000,,0.17,,Yes,1CT:1CT,,"1CT to 1CT",,,
78615/4JC,,,,0.17,,,,,,,,,0.25,,1000,1000,1000,,0.17,,Yes,1CT:1CT,,"1CT to 1CT",,murataps_store_view,
78615/4JC,78615/4JC,,,0.17,,,,,,,,,0.25,,1000,1000,1000,,0.17,,Yes,1CT:1CT,,"1CT to 1CT",,,
78615/8C,,,,0.45,,,,,,,,,0.25,,1000,,1000,,0.45,,Yes,1CT:1CT,,"1CT to 1CT",,murataps_store_view,
78615/8C,78615/8C,,,0.45,,,,,,,,,0.25,,1000,,1000,,0.45,,Yes,1CT:1CT,,"1CT to 1CT",,,
78615/8JC,,,,0.45,,,,,,,,,0.25,,1000,1000,1000,,0.45,,Yes,1CT:1CT,,"1CT to 1CT",,murataps_store_view,
78615/8JC,78615/8JC,,,0.45,,,,,,,,,0.25,,1000,1000,1000,,0.45,,Yes,1CT:1CT,,"1CT to 1CT",,,
78615/9C,,,,1.33,,,,,,,,,0.25,,1000,,1000,,1.33,,Yes,1CT:1CT,,"1CT to 1CT",,murataps_store_view,
78615/9C,78615/9C,,,1.33,,,,,,,,,0.25,,1000,,1000,,1.33,,Yes,1CT:1CT,,"1CT to 1CT",,,
78615/9JC,,,,1.45,,,,,,,,,0.25,,1000,1000,1000,,1.45,,Yes,1CT:1CT,,"1CT to 1CT",,murataps_store_view,
78615/9JC,78615/9JC,,,1.45,,,,,,,,,0.25,,1000,1000,1000,,1.45,,Yes,1CT:1CT,,"1CT to 1CT",,,
782485/35C,,,,0.5,,,,,,,0.25,,,,,2500,,,,,Yes,1CT:2.2CT,,,12,murataps_store_view,
782485/35C,782485/35C,,,0.5,,,,,,,0.25,,,,,2500,,,,,Yes,1CT:2.2CT,,,12,,
1007C,,,,2.9,,,,,,,,,0.62,55,2000,,2000,,2.9,,Yes,,,"1 to 1 to 1",,murataps_store_view,
1007C,1007C,,,2.9,,,,,,,,,0.62,55,2000,,2000,,2.9,,Yes,,,"1 to 1 to 1",,,
1009C,,,,13.4,,,,,,,,,0.62,71,2000,,2000,,13.4,,Yes,,,"1 to 1 to 1",,murataps_store_view,
1009C,1009C,,,13.4,,,,,,,,,0.62,71,2000,,2000,,13.4,,Yes,,,"1 to 1 to 1",,,
1013C,,,,2,,,,,,,,,0.62,585,500VDC,,500,,2,,Yes,,,"1 to 1 to 1",,murataps_store_view,
1013C,1013C,,,2,,,,,,,,,0.62,585,500VDC,,500,,2,,Yes,,,"1 to 1 to 1",,,
1016C,,,,1.2,,,,,,,,,0.62,23,3500,,3500,,1.2,,Yes,,,"1 to 1",,murataps_store_view,
1016C,1016C,,,1.2,,,,,,,,,0.62,23,3500,,3500,,1.2,,Yes,,,"1 to 1",,,
1017C,,,,0.4,,,,,,,,,0.62,20,4000,,4000,,0.4,,Yes,,,"1 to 1",,murataps_store_view,
1017C,1017C,,,0.4,,,,,,,,,0.62,20,4000,,4000,,0.4,,Yes,,,"1 to 1",,,
1024C,,,,2.5,,,,,,,,,0.62,25,2000,,2000,,2.5,,Yes,,,"1.2CT to 1CT",,murataps_store_view,
1024C,1024C,,,2.5,,,,,,,,,0.62,25,2000,,2000,,2.5,,Yes,,,"1.2CT to 1CT",,,
1025C,,,,8.7,,,,,,,,,0.62,83,2000,,2000,,8.7,,Yes,,,"2 to 1 to 1",,murataps_store_view,
1025C,1025C,,,8.7,,,,,,,,,0.62,83,2000,,2000,,8.7,,Yes,,,"2 to 1 to 1",,,
1026C,,,,4,,,,,,,,,0.62,62,2000,,2000,,4,,Yes,,,"1 to 1 to 1",,murataps_store_view,
1026C,1026C,,,4,,,,,,,,,0.62,62,2000,,2000,,4,,Yes,,,"1 to 1 to 1",,,
1082C,,,,1.1,,,,,,,,,0.62,1.1,2000,,2000,,1.1,,Yes,,,"100 to 1",,murataps_store_view,
1082C,1082C,,,1.1,,,,,,,,,0.62,1.1,2000,,2000,,1.1,,Yes,,,"100 to 1",,,
1410313C,,,13,,9,,,"0.551 x 1.063 x 0.961","14 x 27 x 24.4",0.551,,,,,,,,,,,Yes,,,,,murataps_store_view,
1410313C,1410313C,,13,,9,,,"0.551 x 1.063 x 0.961","14 x 27 x 24.4",0.551,,,,,,,,,,,Yes,,,,,,
1410454C,,,5.4,,46,,,"0.551 x 1.039 x 0.961","14 x 26.4 x 24.4",0.551,,,,,,,,,,,Yes,,,,,murataps_store_view,
1410454C,1410454C,,5.4,,46,,,"0.551 x 1.039 x 0.961","14 x 26.4 x 24.4",0.551,,,,,,,,,,,Yes,,,,,,
1410516C,,,1.6,,460,,,"0.551 x 1.008 x 0.961","14 x 25.6 x 24.4",0.551,,,,,,,,,,,Yes,,,,,murataps_store_view,
1410516C,1410516C,,1.6,,460,,,"0.551 x 1.008 x 0.961","14 x 25.6 x 24.4",0.551,,,,,,,,,,,Yes,,,,,,
1410605C,,,0.5,,3600,,,"0.728 x 0.992 x 0.961","18.5 x 25.2 x 24.4",0.728,,,,,,,,,,,Yes,,,,,murataps_store_view,
1410605C,1410605C,,0.5,,3600,,,"0.728 x 0.992 x 0.961","18.5 x 25.2 x 24.4",0.728,,,,,,,,,,,Yes,,,,,,
1410606C,,,0.6,,2600,,,"0.858 x 1.217 x 1.173","21.8 x 30.9 x 29.8",0.858,,,,,,,,,,,Yes,,,,,murataps_store_view,
1410606C,1410606C,,0.6,,2600,,,"0.858 x 1.217 x 1.173","21.8 x 30.9 x 29.8",0.858,,,,,,,,,,,Yes,,,,,,
1415449C,,,4.9,,55,,,"0.728 x 1.039 x 0.961","18.5 x 26.4 x 24.4",0.728,,,,,,,,,,,Yes,,,,,murataps_store_view,
1415449C,1415449C,,4.9,,55,,,"0.728 x 1.039 x 0.961","18.5 x 26.4 x 24.4",0.728,,,,,,,,,,,Yes,,,,,,
1415513C,,,1.3,,680,,,"0.551 x 1.004 x 0.961","14 x 25.5 x 24.4",0.551,,,,,,,,,,,Yes,,,,,murataps_store_view,
1415513C,1415513C,,1.3,,680,,,"0.551 x 1.004 x 0.961","14 x 25.5 x 24.4",0.551,,,,,,,,,,,Yes,,,,,,
1415514C,,,1.4,,550,,,"0.728 x 1.008 x 0.961","18.5 x 25.6 x 24.4",0.728,,,,,,,,,,,Yes,,,,,murataps_store_view,
1415514C,1415514C,,1.4,,550,,,"0.728 x 1.008 x 0.961","18.5 x 25.6 x 24.4",0.728,,,,,,,,,,,Yes,,,,,,
1415604C,,,0.4,,5500,,,"0.728 x 0.988 x 0.961","18.5 x 25.1 x 24.4",0.728,,,,,,,,,,,Yes,,,,,murataps_store_view,
1415604C,1415604C,,0.4,,5500,,,"0.728 x 0.988 x 0.961","18.5 x 25.1 x 24.4",0.728,,,,,,,,,,,Yes,,,,,,
1422311C,,,11,,14,,,"0.551 x 1.063 x 0.961","14 x 27 x 24.4",0.551,,,,,,,,,,,Yes,,,,,murataps_store_view,
1422311C,1422311C,,11,,14,,,"0.551 x 1.063 x 0.961","14 x 27 x 24.4",0.551,,,,,,,,,,,Yes,,,,,,
1422509C,,,0.9,,1000,,,"0.551 x 0.996 x 0.961","14 x 25.3 x 24.4",0.551,,,,,,,,,,,Yes,,,,,murataps_store_view,
1422509C,1422509C,,0.9,,1000,,,"0.551 x 0.996 x 0.961","14 x 25.3 x 24.4",0.551,,,,,,,,,,,Yes,,,,,,
1422512C,,,1.2,,700,,,"0.728 x 1.008 x 0.961","18.5 x 25.6 x 24.4",0.728,,,,,,,,,,,Yes,,,,,murataps_store_view,
1422512C,1422512C,,1.2,,700,,,"0.728 x 1.008 x 0.961","18.5 x 25.6 x 24.4",0.728,,,,,,,,,,,Yes,,,,,,
1433393C,,,9.3,,17,,,"0.551 x 1.063 x 0.961","14 x 27 x 24.4",0.551,,,,,,,,,,,Yes,,,,,murataps_store_view,
1433393C,1433393C,,9.3,,17,,,"0.551 x 1.063 x 0.961","14 x 27 x 24.4",0.551,,,,,,,,,,,Yes,,,,,,
1433433C,,,3.3,,120,,,"0.728 x 1.031 x 0.961","18.5 x 26.2 x 24.4",0.728,,,,,,,,,,,Yes,,,,,murataps_store_view,
1433433C,1433433C,,3.3,,120,,,"0.728 x 1.031 x 0.961","18.5 x 26.2 x 24.4",0.728,,,,,,,,,,,Yes,,,,,,
1433512C,,,1.2,,930,,,"0.858 x 1.220 x 1.173","21.8 x 31 x 29.8",0.858,,,,,,,,,,,Yes,,,,,murataps_store_view,
1433512C,1433512C,,1.2,,930,,,"0.858 x 1.220 x 1.173","21.8 x 31 x 29.8",0.858,,,,,,,,,,,Yes,,,,,,
1447423C,,,2.3,,250,,,"0.551 x 1.012 x 0.961","14 x 25.7 x 24.4",0.551,,,,,,,,,,,Yes,,,,,murataps_store_view,
1447423C,1447423C,,2.3,,250,,,"0.551 x 1.012 x 0.961","14 x 25.7 x 24.4",0.551,,,,,,,,,,,Yes,,,,,,
1447427C,,,2.7,,160,,,"0.728 x 1.028 x 0.961","18.5 x 26.1 x 24.4",0.728,,,,,,,,,,,Yes,,,,,murataps_store_view,
1447427C,1447427C,,2.7,,160,,,"0.728 x 1.028 x 0.961","18.5 x 26.1 x 24.4",0.728,,,,,,,,,,,Yes,,,,,,
1447508C,,,0.8,,1600,,,"0.728 x 0.996 x 0.961","18.5 x 25.3 x 24.4",0.728,,,,,,,,,,,Yes,,,,,murataps_store_view,
1447508C,1447508C,,0.8,,1600,,,"0.728 x 0.996 x 0.961","18.5 x 25.3 x 24.4",0.728,,,,,,,,,,,Yes,,,,,,
1447509C,,,0.9,,1400,,,"0.858 x 1.217 x 1.173","21.8 x 30.9 x 29.8",0.858,,,,,,,,,,,Yes,,,,,murataps_store_view,
1447509C,1447509C,,0.9,,1400,,,"0.858 x 1.217 x 1.173","21.8 x 30.9 x 29.8",0.858,,,,,,,,,,,Yes,,,,,,
1468373C,,,7.3,,25,,,"0.728 x 1.063 x 0.961","18.5 x 27 x 24.4",0.728,,,,,,,,,,,Yes,,,,,murataps_store_view,
1468373C,1468373C,,7.3,,25,,,"0.728 x 1.063 x 0.961","18.5 x 27 x 24.4",0.728,,,,,,,,,,,Yes,,,,,,
1468420C,,,2,,300,,,"0.551 x 1.012 x 0.961","14 x 25.7 x 24.4",0.551,,,,,,,,,,,Yes,,,,,murataps_store_view,
1468420C,1468420C,,2,,300,,,"0.551 x 1.012 x 0.961","14 x 25.7 x 24.4",0.551,,,,,,,,,,,Yes,,,,,,
1468505C,,,0.5,,2880,,,"0.551 x 0.992 x 0.961","14 x 25.2 x 24.4",0.551,,,,,,,,,,,Yes,,,,,murataps_store_view,
1468505C,1468505C,,0.5,,2880,,,"0.551 x 0.992 x 0.961","14 x 25.2 x 24.4",0.551,,,,,,,,,,,Yes,,,,,,
1468507C,,,0.7,,2300,,,"0.728 x 0.992 x 0.961","18.5 x 25.2 x 24.4",0.728,,,,,,,,,,,Yes,,,,,murataps_store_view,
1468507C,1468507C,,0.7,,2300,,,"0.728 x 0.992 x 0.961","18.5 x 25.2 x 24.4",0.728,,,,,,,,,,,Yes,,,,,,
1468508C,,,0.8,,2100,,,"0.858 x 1.209 x 1.173","21.8 x 30.7 x 29.8",0.858,,,,,,,,,,,Yes,,,,,murataps_store_view,
1468508C,1468508C,,0.8,,2100,,,"0.858 x 1.209 x 1.173","21.8 x 30.7 x 29.8",0.858,,,,,,,,,,,Yes,,,,,,
22R103C,,,1.62,,50,,,,,0.34,,,,,,,,,,,Yes,,,,,murataps_store_view,
22R103C,22R103C,,1.62,,50,,,,,0.34,,,,,,,,,,,Yes,,,,,,
22R103MC,,,2.52,,50,,,"0.307 x 0.276 x 0.295","7.8 x 7.0 x 7.5",0.295,,,,,,,,,,,Yes,,,,,murataps_store_view,
22R103MC,22R103MC,,2.52,,50,,,"0.307 x 0.276 x 0.295","7.8 x 7.0 x 7.5",0.295,,,,,,,,,,,Yes,,,,,,
22R104C,,,0.67,,390,,,,,0.34,,,,,,,,,,,Yes,,,,,murataps_store_view,
22R104C,22R104C,,0.67,,390,,,,,0.34,,,,,,,,,,,Yes,,,,,,
22R104MC,,,0.8,,390,,,"0.307 x 0.276 x 0.295","7.8 x 7.0 x 7.5",0.295,,,,,,,,,,,Yes,,,,,murataps_store_view,
22R104MC,22R104MC,,0.8,,390,,,"0.307 x 0.276 x 0.295","7.8 x 7.0 x 7.5",0.295,,,,,,,,,,,Yes,,,,,,
22R105C,,,0.17,,3630,,,,,0.34,,,,,,,,,,,Yes,,,,,murataps_store_view,
22R105C,22R105C,,0.17,,3630,,,,,0.34,,,,,,,,,,,Yes,,,,,,
22R105MC,,,0.21,,3630,,,"0.307 x 0.276 x 0.295","7.8 x 7.0 x 7.5",0.295,,,,,,,,,,,Yes,,,,,murataps_store_view,
22R105MC,22R105MC,,0.21,,3630,,,"0.307 x 0.276 x 0.295","7.8 x 7.0 x 7.5",0.295,,,,,,,,,,,Yes,,,,,,
22R106C,,,0.063,,37400,,,,,0.34,,,,,,,,,,,Yes,,,,,murataps_store_view,
22R106C,22R106C,,0.063,,37400,,,,,0.34,,,,,,,,,,,Yes,,,,,,
22R106MC,,,0.068,,37400,,,"0.307 x 0.276 x 0.295","7.8 x 7.0 x 7.5",0.295,,,,,,,,,,,Yes,,,,,murataps_store_view,
22R106MC,22R106MC,,0.068,,37400,,,"0.307 x 0.276 x 0.295","7.8 x 7.0 x 7.5",0.295,,,,,,,,,,,Yes,,,,,,
22R153C,,,1.35,,70,,,,,0.34,,,,,,,,,,,Yes,,,,,murataps_store_view,
22R153C,22R153C,,1.35,,70,,,,,0.34,,,,,,,,,,,Yes,,,,,,
22R153MC,,,2.08,,70,,,"0.307 x 0.276 x 0.295","7.8 x 7.0 x 7.5",0.295,,,,,,,,,,,Yes,,,,,murataps_store_view,
22R153MC,22R153MC,,2.08,,70,,,"0.307 x 0.276 x 0.295","7.8 x 7.0 x 7.5",0.295,,,,,,,,,,,Yes,,,,,,
22R154C,,,0.52,,540,,,,,0.34,,,,,,,,,,,Yes,,,,,murataps_store_view,
22R154C,22R154C,,0.52,,540,,,,,0.34,,,,,,,,,,,Yes,,,,,,
22R154MC,,,0.64,,540,,,"0.307 x 0.276 x 0.295","7.8 x 7.0 x 7.5",0.295,,,,,,,,,,,Yes,,,,,murataps_store_view,
22R154MC,22R154MC,,0.64,,540,,,"0.307 x 0.276 x 0.295","7.8 x 7.0 x 7.5",0.295,,,,,,,,,,,Yes,,,,,,
22R155C,,,0.13,,6490,,,,,0.34,,,,,,,,,,,Yes,,,,,murataps_store_view,
22R155C,22R155C,,0.13,,6490,,,,,0.34,,,,,,,,,,,Yes,,,,,,
22R155MC,,,0.16,,6490,,,"0.307 x 0.276 x 0.295","7.8 x 7.0 x 7.5",0.295,,,,,,,,,,,Yes,,,,,murataps_store_view,
22R155MC,22R155MC,,0.16,,6490,,,"0.307 x 0.276 x 0.295","7.8 x 7.0 x 7.5",0.295,,,,,,,,,,,Yes,,,,,,
22R156C,,,0.054,,51700,,,,,0.34,,,,,,,,,,,Yes,,,,,murataps_store_view,
22R156C,22R156C,,0.054,,51700,,,,,0.34,,,,,,,,,,,Yes,,,,,,
22R156MC,,,0.055,,49500,,,"0.307 x 0.276 x 0.295","7.8 x 7.0 x 7.5",0.295,,,,,,,,,,,Yes,,,,,murataps_store_view,
22R156MC,22R156MC,,0.055,,49500,,,"0.307 x 0.276 x 0.295","7.8 x 7.0 x 7.5",0.295,,,,,,,,,,,Yes,,,,,,
22R223C,,,1.08,,90,,,,,0.34,,,,,,,,,,,Yes,,,,,murataps_store_view,
22R223C,22R223C,,1.08,,90,,,,,0.34,,,,,,,,,,,Yes,,,,,,
22R223MC,,,1.81,,90,,,"0.307 x 0.276 x 0.295","7.8 x 7.0 x 7.5",0.295,,,,,,,,,,,Yes,,,,,murataps_store_view,
22R223MC,22R223MC,,1.81,,90,,,"0.307 x 0.276 x 0.295","7.8 x 7.0 x 7.5",0.295,,,,,,,,,,,Yes,,,,,,
22R224C,,,0.43,,830,,,,,0.34,,,,,,,,,,,Yes,,,,,murataps_store_view,
22R224C,22R224C,,0.43,,830,,,,,0.34,,,,,,,,,,,Yes,,,,,,
22R224MC,,,0.5,,830,,,"0.307 x 0.276 x 0.295","7.8 x 7.0 x 7.5",0.295,,,,,,,,,,,Yes,,,,,murataps_store_view,
22R224MC,22R224MC,,0.5,,830,,,"0.307 x 0.276 x 0.295","7.8 x 7.0 x 7.5",0.295,,,,,,,,,,,Yes,,,,,,
22R225C,,,0.11,,8580,,,,,0.34,,,,,,,,,,,Yes,,,,,murataps_store_view,
22R225C,22R225C,,0.11,,8580,,,,,0.34,,,,,,,,,,,Yes,,,,,,
22R225MC,,,0.14,,8580,,,"0.307 x 0.276 x 0.295","7.8 x 7.0 x 7.5",0.295,,,,,,,,,,,Yes,,,,,murataps_store_view,
22R225MC,22R225MC,,0.14,,8580,,,"0.307 x 0.276 x 0.295","7.8 x 7.0 x 7.5",0.295,,,,,,,,,,,Yes,,,,,,
22R226C,,,0.045,,82500,,,,,0.34,,,,,,,,,,,Yes,,,,,murataps_store_view,
22R226C,22R226C,,0.045,,82500,,,,,0.34,,,,,,,,,,,Yes,,,,,,
22R226MC,,,0.044,,82500,,,"0.307 x 0.276 x 0.295","7.8 x 7.0 x 7.5",0.295,,,,,,,,,,,Yes,,,,,murataps_store_view,
22R226MC,22R226MC,,0.044,,82500,,,"0.307 x 0.276 x 0.295","7.8 x 7.0 x 7.5",0.295,,,,,,,,,,,Yes,,,,,,
22R333C,,,0.9,,140,,,,,0.34,,,,,,,,,,,Yes,,,,,murataps_store_view,
22R333C,22R333C,,0.9,,140,,,,,0.34,,,,,,,,,,,Yes,,,,,,
22R333MC,,,1.31,,140,,,"0.307 x 0.276 x 0.295","7.8 x 7.0 x 7.5",0.295,,,,,,,,,,,Yes,,,,,murataps_store_view,
22R333MC,22R333MC,,1.31,,140,,,"0.307 x 0.276 x 0.295","7.8 x 7.0 x 7.5",0.295,,,,,,,,,,,Yes,,,,,,
22R334C,,,0.38,,1210,,,,,0.34,,,,,,,,,,,Yes,,,,,murataps_store_view,
22R334C,22R334C,,0.38,,1210,,,,,0.34,,,,,,,,,,,Yes,,,,,,
22R334MC,,,0.42,,1210,,,"0.307 x 0.276 x 0.295","7.8 x 7.0 x 7.5",0.295,,,,,,,,,,,Yes,,,,,murataps_store_view,
22R334MC,22R334MC,,0.42,,1210,,,"0.307 x 0.276 x 0.295","7.8 x 7.0 x 7.5",0.295,,,,,,,,,,,Yes,,,,,,
22R335C,,,0.1,,11000,,,,,0.34,,,,,,,,,,,Yes,,,,,murataps_store_view,
22R335C,22R335C,,0.1,,11000,,,,,0.34,,,,,,,,,,,Yes,,,,,,
22R335MC,,,0.12,,10000,,,"0.307 x 0.276 x 0.295","7.8 x 7.0 x 7.5",0.295,,,,,,,,,,,Yes,,,,,murataps_store_view,
22R335MC,22R335MC,,0.12,,10000,,,"0.307 x 0.276 x 0.295","7.8 x 7.0 x 7.5",0.295,,,,,,,,,,,Yes,,,,,,
22R336C,,,0.036,,118800,,,,,0.34,,,,,,,,,,,Yes,,,,,murataps_store_view,
22R336C,22R336C,,0.036,,118800,,,,,0.34,,,,,,,,,,,Yes,,,,,,
22R336MC,,,0.037,,110000,,,"0.307 x 0.276 x 0.295","7.8 x 7.0 x 7.5",0.295,,,,,,,,,,,Yes,,,,,murataps_store_view,
22R336MC,22R336MC,,0.037,,110000,,,"0.307 x 0.276 x 0.295","7.8 x 7.0 x 7.5",0.295,,,,,,,,,,,Yes,,,,,,
22R473C,,,0.77,,220,,,,,0.34,,,,,,,,,,,Yes,,,,,murataps_store_view,
22R473C,22R473C,,0.77,,220,,,,,0.34,,,,,,,,,,,Yes,,,,,,
22R473MC,,,0.99,,220,,,"0.307 x 0.276 x 0.295","7.8 x 7.0 x 7.5",0.295,,,,,,,,,,,Yes,,,,,murataps_store_view,
22R473MC,22R473MC,,0.99,,220,,,"0.307 x 0.276 x 0.295","7.8 x 7.0 x 7.5",0.295,,,,,,,,,,,Yes,,,,,,
22R474C,,,0.31,,1650,,,,,0.34,,,,,,,,,,,Yes,,,,,murataps_store_view,
22R474C,22R474C,,0.31,,1650,,,,,0.34,,,,,,,,,,,Yes,,,,,,
22R474MC,,,0.37,,1650,,,"0.307 x 0.276 x 0.295","7.8 x 7.0 x 7.5",0.295,,,,,,,,,,,Yes,,,,,murataps_store_view,
22R474MC,22R474MC,,0.37,,1650,,,"0.307 x 0.276 x 0.295","7.8 x 7.0 x 7.5",0.295,,,,,,,,,,,Yes,,,,,,
22R475C,,,0.081,,15000,,,,,0.34,,,,,,,,,,,Yes,,,,,murataps_store_view,
22R475C,22R475C,,0.081,,15000,,,,,0.34,,,,,,,,,,,Yes,,,,,,
22R476C,,,0.027,,169400,,,,,0.34,,,,,,,,,,,Yes,,,,,murataps_store_view,
22R476C,22R476C,,0.027,,169400,,,,,0.34,,,,,,,,,,,Yes,,,,,,
22R685C,,,0.072,,22000,,,,,0.34,,,,,,,,,,,Yes,,,,,murataps_store_view,
22R685C,22R685C,,0.072,,22000,,,,,0.34,,,,,,,,,,,Yes,,,,,,
22R686C,,,0.018,,242000,,,,,0.34,,,,,,,,,,,Yes,,,,,murataps_store_view,
22R686C,22R686C,,0.018,,242000,,,,,0.34,,,,,,,,,,,Yes,,,,,,
46102C,,,6.8,,13,,,"0.287 x 0.287 x 0.18","7.3 x 7.3 x 4.55",0.18,,,,,,,,,,,Yes,,,,,murataps_store_view,
46102C,46102C,,6.8,,13,,,"0.287 x 0.287 x 0.18","7.3 x 7.3 x 4.55",0.18,,,,,,,,,,,Yes,,,,,,
46103C,,,2.4,,66,,,"0.287 x 0.287 x 0.18","7.3 x 7.3 x 4.55",0.18,,,,,,,,,,,Yes,,,,,murataps_store_view,
46103C,46103C,,2.4,,66,,,"0.287 x 0.287 x 0.18","7.3 x 7.3 x 4.55",0.18,,,,,,,,,,,Yes,,,,,,
46104C,,,0.86,,500,,,"0.287 x 0.287 x 0.18","7.3 x 7.3 x 4.55",0.18,,,,,,,,,,,Yes,,,,,murataps_store_view,
46104C,46104C,,0.86,,500,,,"0.287 x 0.287 x 0.18","7.3 x 7.3 x 4.55",0.18,,,,,,,,,,,Yes,,,,,,
46105C,,,0.27,,4900,,,"0.287 x 0.287 x 0.18","7.3 x 7.3 x 4.55",0.18,,,,,,,,,,,Yes,,,,,murataps_store_view,
46105C,46105C,,0.27,,4900,,,"0.287 x 0.287 x 0.18","7.3 x 7.3 x 4.55",0.18,,,,,,,,,,,Yes,,,,,,
46152C,,,6.3,,15,,,"0.287 x 0.287 x 0.18","7.3 x 7.3 x 4.55",0.18,,,,,,,,,,,Yes,,,,,murataps_store_view,
46152C,46152C,,6.3,,15,,,"0.287 x 0.287 x 0.18","7.3 x 7.3 x 4.55",0.18,,,,,,,,,,,Yes,,,,,,
46153C,,,2.2,,94,,,"0.287 x 0.287 x 0.18","7.3 x 7.3 x 4.55",0.18,,,,,,,,,,,Yes,,,,,murataps_store_view,
46153C,46153C,,2.2,,94,,,"0.287 x 0.287 x 0.18","7.3 x 7.3 x 4.55",0.18,,,,,,,,,,,Yes,,,,,,
46154C,,,0.72,,720,,,"0.287 x 0.287 x 0.18","7.3 x 7.3 x 4.55",0.18,,,,,,,,,,,Yes,,,,,murataps_store_view,
46154C,46154C,,0.72,,720,,,"0.287 x 0.287 x 0.18","7.3 x 7.3 x 4.55",0.18,,,,,,,,,,,Yes,,,,,,
46222C,,,5,,21,,,"0.287 x 0.287 x 0.18","7.3 x 7.3 x 4.55",0.18,,,,,,,,,,,Yes,,,,,murataps_store_view,
46222C,46222C,,5,,21,,,"0.287 x 0.287 x 0.18","7.3 x 7.3 x 4.55",0.18,,,,,,,,,,,Yes,,,,,,
46223C,,,1.8,,120,,,"0.287 x 0.287 x 0.18","7.3 x 7.3 x 4.55",0.18,,,,,,,,,,,Yes,,,,,murataps_store_view,
46223C,46223C,,1.8,,120,,,"0.287 x 0.287 x 0.18","7.3 x 7.3 x 4.55",0.18,,,,,,,,,,,Yes,,,,,,
46224C,,,0.57,,1050,,,"0.287 x 0.287 x 0.18","7.3 x 7.3 x 4.55",0.18,,,,,,,,,,,Yes,,,,,murataps_store_view,
46224C,46224C,,0.57,,1050,,,"0.287 x 0.287 x 0.18","7.3 x 7.3 x 4.55",0.18,,,,,,,,,,,Yes,,,,,,
46281C,,,8.7,,8,,,"0.287 x 0.287 x 0.18","7.3 x 7.3 x 4.55",0.18,,,,,,,,,,,Yes,,,,,murataps_store_view,
46281C,46281C,,8.7,,8,,,"0.287 x 0.287 x 0.18","7.3 x 7.3 x 4.55",0.18,,,,,,,,,,,Yes,,,,,,
46332C,,,4.3,,29,,,"0.287 x 0.287 x 0.18","7.3 x 7.3 x 4.55",0.18,,,,,,,,,,,Yes,,,,,murataps_store_view,
46332C,46332C,,4.3,,29,,,"0.287 x 0.287 x 0.18","7.3 x 7.3 x 4.55",0.18,,,,,,,,,,,Yes,,,,,,
46333C,,,1.45,,190,,,"0.287 x 0.287 x 0.18","7.3 x 7.3 x 4.55",0.18,,,,,,,,,,,Yes,,,,,murataps_store_view,
46333C,46333C,,1.45,,190,,,"0.287 x 0.287 x 0.18","7.3 x 7.3 x 4.55",0.18,,,,,,,,,,,Yes,,,,,,
46334C,,,0.46,,1850,,,"0.287 x 0.287 x 0.18","7.3 x 7.3 x 4.55",0.18,,,,,,,,,,,Yes,,,,,murataps_store_view,
46334C,46334C,,0.46,,1850,,,"0.287 x 0.287 x 0.18","7.3 x 7.3 x 4.55",0.18,,,,,,,,,,,Yes,,,,,,
46472C,,,3.7,,37,,,"0.287 x 0.287 x 0.18","7.3 x 7.3 x 4.55",0.18,,,,,,,,,,,Yes,,,,,murataps_store_view,
46472C,46472C,,3.7,,37,,,"0.287 x 0.287 x 0.18","7.3 x 7.3 x 4.55",0.18,,,,,,,,,,,Yes,,,,,,
46473C,,,1.25,,260,,,"0.287 x 0.287 x 0.18","7.3 x 7.3 x 4.55",0.18,,,,,,,,,,,Yes,,,,,murataps_store_view,
46473C,46473C,,1.25,,260,,,"0.287 x 0.287 x 0.18","7.3 x 7.3 x 4.55",0.18,,,,,,,,,,,Yes,,,,,,
46474C,,,0.39,,2800,,,"0.287 x 0.287 x 0.18","7.3 x 7.3 x 4.55",0.18,,,,,,,,,,,Yes,,,,,murataps_store_view,
46474C,46474C,,0.39,,2800,,,"0.287 x 0.287 x 0.18","7.3 x 7.3 x 4.55",0.18,,,,,,,,,,,Yes,,,,,,
46541C,,,7.7,,10,,,"0.287 x 0.287 x 0.18","7.3 x 7.3 x 4.55",0.18,,,,,,,,,,,Yes,,,,,murataps_store_view,
46541C,46541C,,7.7,,10,,,"0.287 x 0.287 x 0.18","7.3 x 7.3 x 4.55",0.18,,,,,,,,,,,Yes,,,,,,
46682C,,,3.1,,52,,,"0.287 x 0.287 x 0.18","7.3 x 7.3 x 4.55",0.18,,,,,,,,,,,Yes,,,,,murataps_store_view,
46682C,46682C,,3.1,,52,,,"0.287 x 0.287 x 0.18","7.3 x 7.3 x 4.55",0.18,,,,,,,,,,,Yes,,,,,,
46683C,,,1.05,,360,,,"0.287 x 0.287 x 0.18","7.3 x 7.3 x 4.55",0.18,,,,,,,,,,,Yes,,,,,murataps_store_view,
46683C,46683C,,1.05,,360,,,"0.287 x 0.287 x 0.18","7.3 x 7.3 x 4.55",0.18,,,,,,,,,,,Yes,,,,,,
46684C,,,0.32,,3900,,,"0.287 x 0.287 x 0.18","7.3 x 7.3 x 4.55",0.18,,,,,,,,,,,Yes,,,,,murataps_store_view,
46684C,46684C,,0.32,,3900,,,"0.287 x 0.287 x 0.18","7.3 x 7.3 x 4.55",0.18,,,,,,,,,,,Yes,,,,,,
48100C,,,3.9,,61.4,,,"0.48 x 0.48 x 0.244","12.2 x 12.2 x 6.2",0.244,,,,,,,,,,,Yes,,,,,murataps_store_view,
48100C,48100C,,3.9,,61.4,,,"0.48 x 0.48 x 0.244","12.2 x 12.2 x 6.2",0.244,,,,,,,,,,,Yes,,,,,,
48100SC,,,4.5,,28,,,"0.48 x 0.48 x 0.236","12.2 x 12.2 x 6",0.236,,,,,,,,,,,Yes,,,,,murataps_store_view,
48100SC,48100SC,,4.5,,28,,,"0.48 x 0.48 x 0.236","12.2 x 12.2 x 6",0.236,,,,,,,,,,,Yes,,,,,,
48101C,,,1.23,,503,,,"0.48 x 0.48 x 0.244","12.2 x 12.2 x 6.2",0.244,,,,,,,,,,,Yes,,,,,murataps_store_view,
48101C,48101C,,1.23,,503,,,"0.48 x 0.48 x 0.244","12.2 x 12.2 x 6.2",0.244,,,,,,,,,,,Yes,,,,,,
48101SC,,,1.6,,200,,,"0.48 x 0.48 x 0.236","12.2 x 12.2 x 6",0.236,,,,,,,,,,,Yes,,,,,murataps_store_view,
48101SC,48101SC,,1.6,,200,,,"0.48 x 0.48 x 0.236","12.2 x 12.2 x 6",0.236,,,,,,,,,,,Yes,,,,,,
48102SC,,,0.52,,1850,,,"0.48 x 0.48 x 0.236","12.2 x 12.2 x 6",0.236,,,,,,,,,,,Yes,,,,,murataps_store_view,
48102SC,48102SC,,0.52,,1850,,,"0.48 x 0.48 x 0.236","12.2 x 12.2 x 6",0.236,,,,,,,,,,,Yes,,,,,,
48150C,,,3.2,,77.4,,,"0.48 x 0.48 x 0.244","12.2 x 12.2 x 6.2",0.244,,,,,,,,,,,Yes,,,,,murataps_store_view,
48150C,48150C,,3.2,,77.4,,,"0.48 x 0.48 x 0.244","12.2 x 12.2 x 6.2",0.244,,,,,,,,,,,Yes,,,,,,
48150SC,,,3.7,,40,,,"0.48 x 0.48 x 0.236","12.2 x 12.2 x 6",0.236,,,,,,,,,,,Yes,,,,,murataps_store_view,
48150SC,48150SC,,3.7,,40,,,"0.48 x 0.48 x 0.236","12.2 x 12.2 x 6",0.236,,,,,,,,,,,Yes,,,,,,
48151SC,,,1.35,,280,,,"0.48 x 0.48 x 0.236","12.2 x 12.2 x 6",0.236,,,,,,,,,,,Yes,,,,,murataps_store_view,
48151SC,48151SC,,1.35,,280,,,"0.48 x 0.48 x 0.236","12.2 x 12.2 x 6",0.236,,,,,,,,,,,Yes,,,,,,
481R0C,,,12.3,,9,,,"0.48 x 0.48 x 0.244","12.2 x 12.2 x 6.2",0.244,,,,,,,,,,,Yes,,,,,murataps_store_view,
481R0C,481R0C,,12.3,,9,,,"0.48 x 0.48 x 0.244","12.2 x 12.2 x 6.2",0.244,,,,,,,,,,,Yes,,,,,,
481R0SC,,,10,,6,,,"0.48 x 0.48 x 0.236","12.2 x 12.2 x 6",0.236,,,,,,,,,,,Yes,,,,,murataps_store_view,
481R0SC,481R0SC,,10,,6,,,"0.48 x 0.48 x 0.236","12.2 x 12.2 x 6",0.236,,,,,,,,,,,Yes,,,,,,
48220C,,,2.6,,119,,,"0.48 x 0.48 x 0.244","12.2 x 12.2 x 6.2",0.244,,,,,,,,,,,Yes,,,,,murataps_store_view,
48220C,48220C,,2.6,,119,,,"0.48 x 0.48 x 0.244","12.2 x 12.2 x 6.2",0.244,,,,,,,,,,,Yes,,,,,,
48220SC,,,3.1,,53,,,"0.48 x 0.48 x 0.236","12.2 x 12.2 x 6",0.236,,,,,,,,,,,Yes,,,,,murataps_store_view,
48220SC,48220SC,,3.1,,53,,,"0.48 x 0.48 x 0.236","12.2 x 12.2 x 6",0.236,,,,,,,,,,,Yes,,,,,,
48221SC,,,1,,430,,,"0.48 x 0.48 x 0.236","12.2 x 12.2 x 6",0.236,,,,,,,,,,,Yes,,,,,murataps_store_view,
48221SC,48221SC,,1,,430,,,"0.48 x 0.48 x 0.236","12.2 x 12.2 x 6",0.236,,,,,,,,,,,Yes,,,,,,
482R2C,,,8.3,,13.5,,,"0.48 x 0.48 x 0.244","12.2 x 12.2 x 6.2",0.244,,,,,,,,,,,Yes,,,,,murataps_store_view,
482R2C,482R2C,,8.3,,13.5,,,"0.48 x 0.48 x 0.244","12.2 x 12.2 x 6.2",0.244,,,,,,,,,,,Yes,,,,,,
482R2SC,,,8.2,,10,,,"0.48 x 0.48 x 0.236","12.2 x 12.2 x 6",0.236,,,,,,,,,,,Yes,,,,,murataps_store_view,
482R2SC,482R2SC,,8.2,,10,,,"0.48 x 0.48 x 0.236","12.2 x 12.2 x 6",0.236,,,,,,,,,,,Yes,,,,,,
48330C,,,2.1,,184,,,"0.48 x 0.48 x 0.244","12.2 x 12.2 x 6.2",0.244,,,,,,,,,,,Yes,,,,,murataps_store_view,
48330C,48330C,,2.1,,184,,,"0.48 x 0.48 x 0.244","12.2 x 12.2 x 6.2",0.244,,,,,,,,,,,Yes,,,,,,
48330SC,,,2.8,,73,,,"0.48 x 0.48 x 0.236","12.2 x 12.2 x 6",0.236,,,,,,,,,,,Yes,,,,,murataps_store_view,
48330SC,48330SC,,2.8,,73,,,"0.48 x 0.48 x 0.236","12.2 x 12.2 x 6",0.236,,,,,,,,,,,Yes,,,,,,
48331SC,,,0.85,,630,,,"0.48 x 0.48 x 0.236","12.2 x 12.2 x 6",0.236,,,,,,,,,,,Yes,,,,,murataps_store_view,
48331SC,48331SC,,0.85,,630,,,"0.48 x 0.48 x 0.236","12.2 x 12.2 x 6",0.236,,,,,,,,,,,Yes,,,,,,
483R3C,,,6.8,,19.1,,,"0.48 x 0.48 x 0.244","12.2 x 12.2 x 6.2",0.244,,,,,,,,,,,Yes,,,,,murataps_store_view,
483R3C,483R3C,,6.8,,19.1,,,"0.48 x 0.48 x 0.244","12.2 x 12.2 x 6.2",0.244,,,,,,,,,,,Yes,,,,,,
483R3SC,,,7.3,,12,,,"0.48 x 0.48 x 0.236","12.2 x 12.2 x 6",0.236,,,,,,,,,,,Yes,,,,,murataps_store_view,
483R3SC,483R3SC,,7.3,,12,,,"0.48 x 0.48 x 0.236","12.2 x 12.2 x 6",0.236,,,,,,,,,,,Yes,,,,,,
48470C,,,1.8,,274,,,"0.48 x 0.48 x 0.244","12.2 x 12.2 x 6.2",0.244,,,,,,,,,,,Yes,,,,,murataps_store_view,
48470C,48470C,,1.8,,274,,,"0.48 x 0.48 x 0.244","12.2 x 12.2 x 6.2",0.244,,,,,,,,,,,Yes,,,,,,
48470SC,,,2.4,,100,,,"0.48 x 0.48 x 0.236","12.2 x 12.2 x 6",0.236,,,,,,,,,,,Yes,,,,,murataps_store_view,
48470SC,48470SC,,2.4,,100,,,"0.48 x 0.48 x 0.236","12.2 x 12.2 x 6",0.236,,,,,,,,,,,Yes,,,,,,
48471SC,,,0.76,,900,,,"0.48 x 0.48 x 0.236","12.2 x 12.2 x 6",0.236,,,,,,,,,,,Yes,,,,,murataps_store_view,
48471SC,48471SC,,0.76,,900,,,"0.48 x 0.48 x 0.236","12.2 x 12.2 x 6",0.236,,,,,,,,,,,Yes,,,,,,
484R7C,,,5.7,,29.4,,,"0.48 x 0.48 x 0.244","12.2 x 12.2 x 6.2",0.244,,,,,,,,,,,Yes,,,,,murataps_store_view,
484R7C,484R7C,,5.7,,29.4,,,"0.48 x 0.48 x 0.244","12.2 x 12.2 x 6.2",0.244,,,,,,,,,,,Yes,,,,,,
484R7SC,,,6.3,,16,,,"0.48 x 0.48 x 0.236","12.2 x 12.2 x 6",0.236,,,,,,,,,,,Yes,,,,,murataps_store_view,
484R7SC,484R7SC,,6.3,,16,,,"0.48 x 0.48 x 0.236","12.2 x 12.2 x 6",0.236,,,,,,,,,,,Yes,,,,,,
48680C,,,1.5,,409,,,"0.48 x 0.48 x 0.244","12.2 x 12.2 x 6.2",0.244,,,,,,,,,,,Yes,,,,,murataps_store_view,
48680C,48680C,,1.5,,409,,,"0.48 x 0.48 x 0.244","12.2 x 12.2 x 6.2",0.244,,,,,,,,,,,Yes,,,,,,
48680SC,,,1.8,,145,,,"0.48 x 0.48 x 0.236","12.2 x 12.2 x 6",0.236,,,,,,,,,,,Yes,,,,,murataps_store_view,
48680SC,48680SC,,1.8,,145,,,"0.48 x 0.48 x 0.236","12.2 x 12.2 x 6",0.236,,,,,,,,,,,Yes,,,,,,
48681SC,,,0.66,,1250,,,"0.48 x 0.48 x 0.236","12.2 x 12.2 x 6",0.236,,,,,,,,,,,Yes,,,,,murataps_store_view,
48681SC,48681SC,,0.66,,1250,,,"0.48 x 0.48 x 0.236","12.2 x 12.2 x 6",0.236,,,,,,,,,,,Yes,,,,,,
486R8C,,,4.7,,39.9,,,"0.48 x 0.48 x 0.244","12.2 x 12.2 x 6.2",0.244,,,,,,,,,,,Yes,,,,,murataps_store_view,
486R8C,486R8C,,4.7,,39.9,,,"0.48 x 0.48 x 0.244","12.2 x 12.2 x 6.2",0.244,,,,,,,,,,,Yes,,,,,,
486R8SC,,,5.1,,21,,,"0.48 x 0.48 x 0.236","12.2 x 12.2 x 6",0.236,,,,,,,,,,,Yes,,,,,murataps_store_view,
486R8SC,486R8SC,,5.1,,21,,,"0.48 x 0.48 x 0.236","12.2 x 12.2 x 6",0.236,,,,,,,,,,,Yes,,,,,,
49100C,,,4.5,,41,,,"0.472 x 0.472 x 0.315","12 x 12 x 8",0.315,,,,,,,,,,,Yes,,,,,murataps_store_view,
49100C,49100C,,4.5,,41,,,"0.472 x 0.472 x 0.315","12 x 12 x 8",0.315,,,,,,,,,,,Yes,,,,,,
49100SC,,,5.1,,21,,,"0.48 x 0.48 x 0.315","12.2 x 12.2 x 8",0.315,,,,,,,,,,,Yes,,,,,murataps_store_view,
49100SC,49100SC,,5.1,,21,,,"0.48 x 0.48 x 0.315","12.2 x 12.2 x 8",0.315,,,,,,,,,,,Yes,,,,,,
49101C,,,1.41,,343,,,"0.472 x 0.472 x 0.315","12 x 12 x 8",0.315,,,,,,,,,,,Yes,,,,,murataps_store_view,
49101C,49101C,,1.41,,343,,,"0.472 x 0.472 x 0.315","12 x 12 x 8",0.315,,,,,,,,,,,Yes,,,,,,
49101SC,,,1.6,,165,,,"0.48 x 0.48 x 0.315","12.2 x 12.2 x 8",0.315,,,,,,,,,,,Yes,,,,,murataps_store_view,
49101SC,49101SC,,1.6,,165,,,"0.48 x 0.48 x 0.315","12.2 x 12.2 x 8",0.315,,,,,,,,,,,Yes,,,,,,
49102SC,,,0.5,,1500,,,"0.48 x 0.48 x 0.315","12.2 x 12.2 x 8",0.315,,,,,,,,,,,Yes,,,,,murataps_store_view,
49102SC,49102SC,,0.5,,1500,,,"0.48 x 0.48 x 0.315","12.2 x 12.2 x 8",0.315,,,,,,,,,,,Yes,,,,,,
49150C,,,3.7,,53,,,"0.472 x 0.472 x 0.315","12 x 12 x 8",0.315,,,,,,,,,,,Yes,,,,,murataps_store_view,
49150C,49150C,,3.7,,53,,,"0.472 x 0.472 x 0.315","12 x 12 x 8",0.315,,,,,,,,,,,Yes,,,,,,
49150SC,,,4.4,,27,,,"0.48 x 0.48 x 0.315","12.2 x 12.2 x 8",0.315,,,,,,,,,,,Yes,,,,,murataps_store_view,
49150SC,49150SC,,4.4,,27,,,"0.48 x 0.48 x 0.315","12.2 x 12.2 x 8",0.315,,,,,,,,,,,Yes,,,,,,
49151C,,,1.15,,529,,,"0.472 x 0.472 x 0.315","12 x 12 x 8",0.315,,,,,,,,,,,Yes,,,,,murataps_store_view,
49151C,49151C,,1.15,,529,,,"0.472 x 0.472 x 0.315","12 x 12 x 8",0.315,,,,,,,,,,,Yes,,,,,,
49151SC,,,1.3,,250,,,"0.48 x 0.48 x 0.315","12.2 x 12.2 x 8",0.315,,,,,,,,,,,Yes,,,,,murataps_store_view,
49151SC,49151SC,,1.3,,250,,,"0.48 x 0.48 x 0.315","12.2 x 12.2 x 8",0.315,,,,,,,,,,,Yes,,,,,,
491R0SC,,,11.8,,5,,,"0.48 x 0.48 x 0.315","12.2 x 12.2 x 8",0.315,,,,,,,,,,,Yes,,,,,murataps_store_view,
491R0SC,491R0SC,,11.8,,5,,,"0.48 x 0.48 x 0.315","12.2 x 12.2 x 8",0.315,,,,,,,,,,,Yes,,,,,,
49220C,,,3,,81,,,"0.472 x 0.472 x 0.315","12 x 12 x 8",0.315,,,,,,,,,,,Yes,,,,,murataps_store_view,
49220C,49220C,,3,,81,,,"0.472 x 0.472 x 0.315","12 x 12 x 8",0.315,,,,,,,,,,,Yes,,,,,,
49220SC,,,3.1,,42,,,"0.48 x 0.48 x 0.315","12.2 x 12.2 x 8",0.315,,,,,,,,,,,Yes,,,,,murataps_store_view,
49220SC,49220SC,,3.1,,42,,,"0.48 x 0.48 x 0.315","12.2 x 12.2 x 8",0.315,,,,,,,,,,,Yes,,,,,,
49221C,,,0.95,,805,,,"0.472 x 0.472 x 0.315","12 x 12 x 8",0.315,,,,,,,,,,,Yes,,,,,murataps_store_view,
49221C,49221C,,0.95,,805,,,"0.472 x 0.472 x 0.315","12 x 12 x 8",0.315,,,,,,,,,,,Yes,,,,,,
49221SC,,,1.1,,380,,,"0.48 x 0.48 x 0.315","12.2 x 12.2 x 8",0.315,,,,,,,,,,,Yes,,,,,murataps_store_view,
49221SC,49221SC,,1.1,,380,,,"0.48 x 0.48 x 0.315","12.2 x 12.2 x 8",0.315,,,,,,,,,,,Yes,,,,,,
492R2C,,,9.5,,12.6,,,"0.472 x 0.472 x 0.315","12 x 12 x 8",0.315,,,,,,,,,,,Yes,,,,,murataps_store_view,
492R2C,492R2C,,9.5,,12.6,,,"0.472 x 0.472 x 0.315","12 x 12 x 8",0.315,,,,,,,,,,,Yes,,,,,,
492R2SC,,,9.8,,8,,,"0.48 x 0.48 x 0.315","12.2 x 12.2 x 8",0.315,,,,,,,,,,,Yes,,,,,murataps_store_view,
492R2SC,492R2SC,,9.8,,8,,,"0.48 x 0.48 x 0.315","12.2 x 12.2 x 8",0.315,,,,,,,,,,,Yes,,,,,,
49330C,,,2.5,,128,,,"0.472 x 0.472 x 0.315","12 x 12 x 8",0.315,,,,,,,,,,,Yes,,,,,murataps_store_view,
49330C,49330C,,2.5,,128,,,"0.472 x 0.472 x 0.315","12 x 12 x 8",0.315,,,,,,,,,,,Yes,,,,,,
49330SC,,,2.9,,60,,,"0.48 x 0.48 x 0.315","12.2 x 12.2 x 8",0.315,,,,,,,,,,,Yes,,,,,murataps_store_view,
49330SC,49330SC,,2.9,,60,,,"0.48 x 0.48 x 0.315","12.2 x 12.2 x 8",0.315,,,,,,,,,,,Yes,,,,,,
49331SC,,,0.9,,550,,,"0.48 x 0.48 x 0.315","12.2 x 12.2 x 8",0.315,,,,,,,,,,,Yes,,,,,murataps_store_view,
49331SC,49331SC,,0.9,,550,,,"0.48 x 0.48 x 0.315","12.2 x 12.2 x 8",0.315,,,,,,,,,,,Yes,,,,,,
493R3C,,,7.8,,14.9,,,"0.472 x 0.472 x 0.315","12 x 12 x 8",0.315,,,,,,,,,,,Yes,,,,,murataps_store_view,
493R3C,493R3C,,7.8,,14.9,,,"0.472 x 0.472 x 0.315","12 x 12 x 8",0.315,,,,,,,,,,,Yes,,,,,,
493R3SC,,,8.4,,10,,,"0.48 x 0.48 x 0.315","12.2 x 12.2 x 8",0.315,,,,,,,,,,,Yes,,,,,murataps_store_view,
493R3SC,493R3SC,,8.4,,10,,,"0.48 x 0.48 x 0.315","12.2 x 12.2 x 8",0.315,,,,,,,,,,,Yes,,,,,,
49470C,,,2.1,,191,,,"0.472 x 0.472 x 0.315","12 x 12 x 8",0.315,,,,,,,,,,,Yes,,,,,murataps_store_view,
49470C,49470C,,2.1,,191,,,"0.472 x 0.472 x 0.315","12 x 12 x 8",0.315,,,,,,,,,,,Yes,,,,,,
49470SC,,,2.3,,100,,,"0.48 x 0.48 x 0.315","12.2 x 12.2 x 8",0.315,,,,,,,,,,,Yes,,,,,murataps_store_view,
49470SC,49470SC,,2.3,,100,,,"0.48 x 0.48 x 0.315","12.2 x 12.2 x 8",0.315,,,,,,,,,,,Yes,,,,,,
49471SC,,,0.75,,810,,,"0.48 x 0.48 x 0.315","12.2 x 12.2 x 8",0.315,,,,,,,,,,,Yes,,,,,murataps_store_view,
49471SC,49471SC,,0.75,,810,,,"0.48 x 0.48 x 0.315","12.2 x 12.2 x 8",0.315,,,,,,,,,,,Yes,,,,,,
494R7C,,,6.5,,17.1,,,"0.472 x 0.472 x 0.315","12 x 12 x 8",0.315,,,,,,,,,,,Yes,,,,,murataps_store_view,
494R7C,494R7C,,6.5,,17.1,,,"0.472 x 0.472 x 0.315","12 x 12 x 8",0.315,,,,,,,,,,,Yes,,,,,,
494R7SC,,,7.7,,12,,,"0.48 x 0.48 x 0.315","12.2 x 12.2 x 8",0.315,,,,,,,,,,,Yes,,,,,murataps_store_view,
494R7SC,494R7SC,,7.7,,12,,,"0.48 x 0.48 x 0.315","12.2 x 12.2 x 8",0.315,,,,,,,,,,,Yes,,,,,,
49680C,,,1.71,,233,,,"0.472 x 0.472 x 0.315","12 x 12 x 8",0.315,,,,,,,,,,,Yes,,,,,murataps_store_view,
49680C,49680C,,1.71,,233,,,"0.472 x 0.472 x 0.315","12 x 12 x 8",0.315,,,,,,,,,,,Yes,,,,,,
49680SC,,,2,,143,,,"0.48 x 0.48 x 0.315","12.2 x 12.2 x 8",0.315,,,,,,,,,,,Yes,,,,,murataps_store_view,
49680SC,49680SC,,2,,143,,,"0.48 x 0.48 x 0.315","12.2 x 12.2 x 8",0.315,,,,,,,,,,,Yes,,,,,,
49681SC,,,0.62,,1200,,,"0.48 x 0.48 x 0.315","12.2 x 12.2 x 8",0.315,,,,,,,,,,,Yes,,,,,murataps_store_view,
49681SC,49681SC,,0.62,,1200,,,"0.48 x 0.48 x 0.315","12.2 x 12.2 x 8",0.315,,,,,,,,,,,Yes,,,,,,
496R8C,,,5.4,,27,,,"0.472 x 0.472 x 0.315","12 x 12 x 8",0.315,,,,,,,,,,,Yes,,,,,murataps_store_view,
496R8C,496R8C,,5.4,,27,,,"0.472 x 0.472 x 0.315","12 x 12 x 8",0.315,,,,,,,,,,,Yes,,,,,,
496R8SC,,,6.2,,16,,,"0.48 x 0.48 x 0.315","12.2 x 12.2 x 8",0.315,,,,,,,,,,,Yes,,,,,murataps_store_view,
496R8SC,496R8SC,,6.2,,16,,,"0.48 x 0.48 x 0.315","12.2 x 12.2 x 8",0.315,,,,,,,,,,,Yes,,,,,,
50105C,,0.7,,,,300,,"0.232 x 0.366 x 0.173","5.9 x 9.3 x 4.4",,,,,,,,,,,,Yes,,,,,murataps_store_view,
50105C,50105C,0.7,,,,300,,"0.232 x 0.366 x 0.173","5.9 x 9.3 x 4.4",,,,,,,,,,,,Yes,,,,,,
50225C,,0.5,,,,400,,"0.232 x 0.366 x 0.173","5.9 x 9.3 x 4.4",,,,,,,,,,,,Yes,,,,,murataps_store_view,
50225C,50225C,0.5,,,,400,,"0.232 x 0.366 x 0.173","5.9 x 9.3 x 4.4",,,,,,,,,,,,Yes,,,,,,
50474C,,0.7,,,,300,,"0.232 x 0.366 x 0.173","5.9 x 9.3 x 4.4",,,,,,,,,,,,Yes,,,,,murataps_store_view,
50474C,50474C,0.7,,,,300,,"0.232 x 0.366 x 0.173","5.9 x 9.3 x 4.4",,,,,,,,,,,,Yes,,,,,,
50475C,,0.4,,,,700,,"0.232 x 0.366 x 0.173","5.9 x 9.3 x 4.4",,,,,,,,,,,,Yes,,,,,murataps_store_view,
50475C,50475C,0.4,,,,700,,"0.232 x 0.366 x 0.173","5.9 x 9.3 x 4.4",,,,,,,,,,,,Yes,,,,,,
51105C,,3.3,,,,38,,"0.827 x 0.394 x 0.945","21 x 10 x 24",0.945,,,,,,,,,,,Yes,,,,,murataps_store_view,
51105C,51105C,3.3,,,,38,,"0.827 x 0.394 x 0.945","21 x 10 x 24",0.945,,,,,,,,,,,Yes,,,,,,
51305C,,1.9,,,,97,,"0.827 x 0.394 x 0.945","21 x 10 x 24",0.945,,,,,,,,,,,Yes,,,,,murataps_store_view,
51305C,51305C,1.9,,,,97,,"0.827 x 0.394 x 0.945","21 x 10 x 24",0.945,,,,,,,,,,,Yes,,,,,,
51504C,,4.1,,,,27,,"0.827 x 0.394 x 0.945","21 x 10 x 24",0.945,,,,,,,,,,,Yes,,,,,murataps_store_view,
51504C,51504C,4.1,,,,27,,"0.827 x 0.394 x 0.945","21 x 10 x 24",0.945,,,,,,,,,,,Yes,,,,,,
51505C,,1.2,,,,197,,"0.827 x 0.394 x 0.945","21 x 10 x 24",0.945,,,,,,,,,,,Yes,,,,,murataps_store_view,
51505C,51505C,1.2,,,,197,,"0.827 x 0.394 x 0.945","21 x 10 x 24",0.945,,,,,,,,,,,Yes,,,,,,
52106C,,1.7,,,,193,,"1.000 x 0.642 x 1.221","25.5 x 16.3 x 31.0",1.221,,,,,,,,,,,Yes,,,,,murataps_store_view,
52106C,52106C,1.7,,,,193,,"1.000 x 0.642 x 1.221","25.5 x 16.3 x 31.0",1.221,,,,,,,,,,,Yes,,,,,,
52305C,,3.5,,,,45,,"1.000 x 0.642 x 1.221","25.5 x 16.3 x 31.0",1.221,,,,,,,,,,,Yes,,,,,murataps_store_view,
52305C,52305C,3.5,,,,45,,"1.000 x 0.642 x 1.221","25.5 x 16.3 x 31.0",1.221,,,,,,,,,,,Yes,,,,,,
52505C,,2.4,,,,91,,"1.000 x 0.642 x 1.221","25.5 x 16.3 x 31.0",1.221,,,,,,,,,,,Yes,,,,,murataps_store_view,
52505C,52505C,2.4,,,,91,,"1.000 x 0.642 x 1.221","25.5 x 16.3 x 31.0",1.221,,,,,,,,,,,Yes,,,,,,
52705C,,2.2,,,,107,,"1.000 x 0.642 x 1.221","25.5 x 16.3 x 31.0",1.221,,,,,,,,,,,Yes,,,,,murataps_store_view,
52705C,52705C,2.2,,,,107,,"1.000 x 0.642 x 1.221","25.5 x 16.3 x 31.0",1.221,,,,,,,,,,,Yes,,,,,,
56050C,,,,,,,,"0.350 x 0.661 x 0.795","8.89 x 16.79 x 20.19",,,0.795,,,,,,,,,Yes,,,,,murataps_store_view,
56050C,56050C,,,,,,,"0.350 x 0.661 x 0.795","8.89 x 16.79 x 20.19",,,0.795,,,,,,,,,Yes,,,,,,
56100C,,,,,,,,"0.350 x 0.661 x 0.795","8.89 x 16.79 x 20.19",,,0.795,,,,,,,,,Yes,,,,,murataps_store_view,
56100C,56100C,,,,,,,"0.350 x 0.661 x 0.795","8.89 x 16.79 x 20.19",,,0.795,,,,,,,,,Yes,,,,,,
56200C,,,,,,,,"0.350 x 0.661 x 0.795","8.89 x 16.79 x 20.19",,,0.795,,,,,,,,,Yes,,,,,murataps_store_view,
56200C,56200C,,,,,,,"0.350 x 0.661 x 0.795","8.89 x 16.79 x 20.19",,,0.795,,,,,,,,,Yes,,,,,,
56300C,,,,,,,,"0.350 x 0.661 x 0.795","8.89 x 16.79 x 20.19",,,0.795,,,,,,,,,Yes,,,,,murataps_store_view,
56300C,56300C,,,,,,,"0.350 x 0.661 x 0.795","8.89 x 16.79 x 20.19",,,0.795,,,,,,,,,Yes,,,,,,
56T100C,,,,,,,,"0.350 x 0.661 x 0.795","8.89 x 16.79 x 20.19",,,0.795,,,,,,,,,Yes,,,,,murataps_store_view,
56T100C,56T100C,,,,,,,"0.350 x 0.661 x 0.795","8.89 x 16.79 x 20.19",,,0.795,,,,,,,,,Yes,,,,,,
56T200C,,,,,,,,"0.350 x 0.661 x 0.795","8.89 x 16.79 x 20.19",,,0.795,,,,,,,,,Yes,,,,,murataps_store_view,
56T200C,56T200C,,,,,,,"0.350 x 0.661 x 0.795","8.89 x 16.79 x 20.19",,,0.795,,,,,,,,,Yes,,,,,,
56T300C,,,,,,,,"0.350 x 0.661 x 0.795","8.89 x 16.79 x 20.19",,,0.795,,,,,,,,,Yes,,,,,murataps_store_view,
56T300C,56T300C,,,,,,,"0.350 x 0.661 x 0.795","8.89 x 16.79 x 20.19",,,0.795,,,,,,,,,Yes,,,,,,
77202C,,,,0.25,,,,,,,,,0.484,40,,,2.5,,0.25,,Yes,,,"1 to 1 to 1",,murataps_store_view,
77202C,77202C,,,0.25,,,,,,,,,0.484,40,,,2.5,,0.25,,Yes,,,"1 to 1 to 1",,,
77203HVC,,,,0.24,,,,,,,,,0.484,30,,,4,,0.24,,Yes,,,"2 to 1 to 1",,murataps_store_view,
77203HVC,77203HVC,,,0.24,,,,,,,,,0.484,30,,,4,,0.24,,Yes,,,"2 to 1 to 1",,,
77204C,,,,0.86,,,,,,,,,0.484,55,,,2.5,,0.83,,Yes,,,"1 to 1",,murataps_store_view,
77204C,77204C,,,0.86,,,,,,,,,0.484,55,,,2.5,,0.83,,Yes,,,"1 to 1",,,
77205C,,,,0.9,,,,,,,,,0.484,35,,,2.5,,0.9,,Yes,,,"1 to 1 to 1",,murataps_store_view,
77205C,77205C,,,0.9,,,,,,,,,0.484,35,,,2.5,,0.9,,Yes,,,"1 to 1 to 1",,,
77208C,,,,3.6,,,,,,,,,0.484,40,,,2.5,,3.6,,Yes,,,"1 to 1 to 1",,murataps_store_view,
77208C,77208C,,,3.6,,,,,,,,,0.484,40,,,2.5,,3.6,,Yes,,,"1 to 1 to 1",,,
77209C,,,,3.5,,,,,,,,,0.484,40,,,2.5,,3.5,,Yes,,,"2 to 1 to 1",,murataps_store_view,
77209C,77209C,,,3.5,,,,,,,,,0.484,40,,,2.5,,3.5,,Yes,,,"2 to 1 to 1",,,
782100/33VC,,,,,,,,,,,0.25,,,,,4000,,8,,,Yes,,"1CT to 1.33CT",,,murataps_store_view,
782100/33VC,782100/33VC,,,,,,,,,,0.25,,,,,4000,,8,,,Yes,,"1CT to 1.33CT",,,,
782100/35JVC,,,,,,,,,,,0.25,,,,,4000,,5,,,Yes,,"1 to 2.1",,,murataps_store_view,
782100/35JVC,782100/35JVC,,,,,,,,,,0.25,,,,,4000,,5,,,Yes,,"1 to 2.1",,,,
782100/35JVC-R,,,,,,,,,,,0.25,,,,,4000,,5,,,Yes,,"1 to 2.1",,,murataps_store_view,
782100/35JVC-R,782100/35JVC-R,,,,,,,,,,0.25,,,,,4000,,5,,,Yes,,"1 to 2.1",,,,
782100/53VC,,,,,,,,,,,0.25,,,,,4000,,8,,,Yes,,"1.14CT to 1CT",,,murataps_store_view,
782100/53VC,782100/53VC,,,,,,,,,,0.25,,,,,4000,,8,,,Yes,,"1.14CT to 1CT",,,,
782100/55JVC,,,,,,,,,,,0.25,,,,,4000,,8,,,Yes,,"1 to 1.3",,,murataps_store_view,
782100/55JVC,782100/55JVC,,,,,,,,,,0.25,,,,,4000,,8,,,Yes,,"1 to 1.3",,,,
782100/55JVC-R,,,,,,,,,,,0.25,,,,,4000,,8,,,Yes,,"1 to 1.3",,,murataps_store_view,
782100/55JVC-R,782100/55JVC-R,,,,,,,,,,0.25,,,,,4000,,8,,,Yes,,"1 to 1.3",,,,
78250JC,,,,2,,,,,,,0.25,,,,1500,1500,,3,,2,Yes,,"1 to 1",,50,murataps_store_view,
78250JC,78250JC,,,2,,,,,,,0.25,,,,1500,1500,,3,,2,Yes,,"1 to 1",,50,,
78250JC-R,,,,2,,,,,,,0.25,,,,1500,1500,,3,,2,Yes,,"1 to 1",,50,murataps_store_view,
78250JC-R,78250JC-R,,,2,,,,,,,0.25,,,,1500,1500,,3,,2,Yes,,"1 to 1",,50,,
78250JVC,,,,1.8,,,,,,,0.25,,,,4000,4000,,40,,2,Yes,,"1 to 1",,50,murataps_store_view,
78250JVC,78250JVC,,,1.8,,,,,,,0.25,,,,4000,4000,,40,,2,Yes,,"1 to 1",,50,,
78250JVC-R,,,,1.8,,,,,,,0.25,,,,4000,4000,,40,,2,Yes,,"1 to 1",,50,murataps_store_view,
78250JVC-R,78250JVC-R,,,1.8,,,,,,,0.25,,,,4000,4000,,40,,2,Yes,,"1 to 1",,50,,
78253/35JC,,,,1,,,,,,,0.25,,,,1500,,,1,,0.36,Yes,,"1 to 2.27",,49,murataps_store_view,
78253/35JC,78253/35JC,,,1,,,,,,,0.25,,,,1500,,,1,,0.36,Yes,,"1 to 2.27",,49,,
78253/35JC-R,,,,1,,,,,,,0.25,,,,1500,,,1,,0.36,Yes,,"1 to 2.27",,49,murataps_store_view,
78253/35JC-R,78253/35JC-R,,,1,,,,,,,0.25,,,,1500,,,1,,0.36,Yes,,"1 to 2.27",,49,,
78253/35JVC,,,,0.5,,,,,,,0.25,,,,4000,,,5,,142,Yes,,"1 to 2.14",,30,murataps_store_view,
78253/35JVC,78253/35JVC,,,0.5,,,,,,,0.25,,,,4000,,,5,,142,Yes,,"1 to 2.14",,30,,
78253/35JVC-R,,,,0.5,,,,,,,0.25,,,,4000,,,5,,142,Yes,,"1 to 2.14",,30,murataps_store_view,
78253/35JVC-R,78253/35JVC-R,,,0.5,,,,,,,0.25,,,,4000,,,5,,142,Yes,,"1 to 2.14",,30,,
78253/55JC,,,,1.5,,,,,,,0.25,,,,1500,,,5,,0.83,Yes,,"1 to 1.31",,70,murataps_store_view,
78253/55JC,78253/55JC,,,1.5,,,,,,,0.25,,,,1500,,,5,,0.83,Yes,,"1 to 1.31",,70,,
78253/55JC-R,,,,1.5,,,,,,,0.25,,,,1500,,,5,,0.83,Yes,,"1 to 1.31",,70,murataps_store_view,
78253/55JC-R,78253/55JC-R,,,1.5,,,,,,,0.25,,,,1500,,,5,,0.83,Yes,,"1 to 1.31",,70,,
78253/55JVC,,,,0.6,,,,,,,0.25,,,,4000,,,8,,240,Yes,,"1 to 1.33",,37,murataps_store_view,
78253/55JVC,78253/55JVC,,,0.6,,,,,,,0.25,,,,4000,,,8,,240,Yes,,"1 to 1.33",,37,,
78253/55JVC-R,,,,0.6,,,,,,,0.25,,,,4000,,,8,,240,Yes,,"1 to 1.33",,37,murataps_store_view,
78253/55JVC-R,78253/55JVC-R,,,0.6,,,,,,,0.25,,,,4000,,,8,,240,Yes,,"1 to 1.33",,37,,
82102C,,,2,,58,,,"0.126 x 0.098 x 0.080","3.2 x 2.5 x 2.0",0.08,,,,,,,,,,,Yes,,,,,murataps_store_view,
82102C,82102C,,2,,58,,,"0.126 x 0.098 x 0.080","3.2 x 2.5 x 2.0",0.08,,,,,,,,,,,Yes,,,,,,
82103C,,,0.5,,400,,,"0.126 x 0.098 x 0.080","3.2 x 2.5 x 2.0",0.08,,,,,,,,,,,Yes,,,,,murataps_store_view,
82103C,82103C,,0.5,,400,,,"0.126 x 0.098 x 0.080","3.2 x 2.5 x 2.0",0.08,,,,,,,,,,,Yes,,,,,,
82104C,,,0.16,,3500,,,"0.126 x 0.098 x 0.080","3.2 x 2.5 x 2.0",0.08,,,,,,,,,,,Yes,,,,,murataps_store_view,
82104C,82104C,,0.16,,3500,,,"0.126 x 0.098 x 0.080","3.2 x 2.5 x 2.0",0.08,,,,,,,,,,,Yes,,,,,,
82152C,,,1.4,,68,,,"0.126 x 0.098 x 0.080","3.2 x 2.5 x 2.0",0.08,,,,,,,,,,,Yes,,,,,murataps_store_view,
82152C,82152C,,1.4,,68,,,"0.126 x 0.098 x 0.080","3.2 x 2.5 x 2.0",0.08,,,,,,,,,,,Yes,,,,,,
82153C,,,0.4,,560,,,"0.126 x 0.098 x 0.080","3.2 x 2.5 x 2.0",0.08,,,,,,,,,,,Yes,,,,,murataps_store_view,
82153C,82153C,,0.4,,560,,,"0.126 x 0.098 x 0.080","3.2 x 2.5 x 2.0",0.08,,,,,,,,,,,Yes,,,,,,
82154C,,,0.13,,5900,,,"0.126 x 0.098 x 0.080","3.2 x 2.5 x 2.0",0.08,,,,,,,,,,,Yes,,,,,murataps_store_view,
82154C,82154C,,0.13,,5900,,,"0.126 x 0.098 x 0.080","3.2 x 2.5 x 2.0",0.08,,,,,,,,,,,Yes,,,,,,
82222C,,,1.1,,104,,,"0.126 x 0.098 x 0.080","3.2 x 2.5 x 2.0",0.08,,,,,,,,,,,Yes,,,,,murataps_store_view,
82222C,82222C,,1.1,,104,,,"0.126 x 0.098 x 0.080","3.2 x 2.5 x 2.0",0.08,,,,,,,,,,,Yes,,,,,,
82223C,,,0.32,,920,,,"0.126 x 0.098 x 0.080","3.2 x 2.5 x 2.0",0.08,,,,,,,,,,,Yes,,,,,murataps_store_view,
82223C,82223C,,0.32,,920,,,"0.126 x 0.098 x 0.080","3.2 x 2.5 x 2.0",0.08,,,,,,,,,,,Yes,,,,,,
82224C,,,0.1,,8000,,,"0.126 x 0.098 x 0.080","3.2 x 2.5 x 2.0",0.08,,,,,,,,,,,Yes,,,,,murataps_store_view,
82224C,82224C,,0.1,,8000,,,"0.126 x 0.098 x 0.080","3.2 x 2.5 x 2.0",0.08,,,,,,,,,,,Yes,,,,,,
82332C,,,0.95,,138,,,"0.126 x 0.098 x 0.080","3.2 x 2.5 x 2.0",0.08,,,,,,,,,,,Yes,,,,,murataps_store_view,
82332C,82332C,,0.95,,138,,,"0.126 x 0.098 x 0.080","3.2 x 2.5 x 2.0",0.08,,,,,,,,,,,Yes,,,,,,
82333C,,,0.27,,1300,,,"0.126 x 0.098 x 0.080","3.2 x 2.5 x 2.0",0.08,,,,,,,,,,,Yes,,,,,murataps_store_view,
82333C,82333C,,0.27,,1300,,,"0.126 x 0.098 x 0.080","3.2 x 2.5 x 2.0",0.08,,,,,,,,,,,Yes,,,,,,
82334C,,,0.08,,13500,,,"0.126 x 0.098 x 0.080","3.2 x 2.5 x 2.0",0.08,,,,,,,,,,,Yes,,,,,murataps_store_view,
82334C,82334C,,0.08,,13500,,,"0.126 x 0.098 x 0.080","3.2 x 2.5 x 2.0",0.08,,,,,,,,,,,Yes,,,,,,
82472C,,,0.8,,190,,,"0.126 x 0.098 x 0.080","3.2 x 2.5 x 2.0",0.08,,,,,,,,,,,Yes,,,,,murataps_store_view,
82472C,82472C,,0.8,,190,,,"0.126 x 0.098 x 0.080","3.2 x 2.5 x 2.0",0.08,,,,,,,,,,,Yes,,,,,,
82473C,,,0.25,,1690,,,"0.126 x 0.098 x 0.080","3.2 x 2.5 x 2.0",0.08,,,,,,,,,,,Yes,,,,,murataps_store_view,
82473C,82473C,,0.25,,1690,,,"0.126 x 0.098 x 0.080","3.2 x 2.5 x 2.0",0.08,,,,,,,,,,,Yes,,,,,,
82474C,,,0.07,,16800,,,"0.126 x 0.098 x 0.080","3.2 x 2.5 x 2.0",0.08,,,,,,,,,,,Yes,,,,,murataps_store_view,
82474C,82474C,,0.07,,16800,,,"0.126 x 0.098 x 0.080","3.2 x 2.5 x 2.0",0.08,,,,,,,,,,,Yes,,,,,,
82682C,,,0.64,,270,,,"0.126 x 0.098 x 0.080","3.2 x 2.5 x 2.0",0.08,,,,,,,,,,,Yes,,,,,murataps_store_view,
82682C,82682C,,0.64,,270,,,"0.126 x 0.098 x 0.080","3.2 x 2.5 x 2.0",0.08,,,,,,,,,,,Yes,,,,,,
82683C,,,0.2,,2550,,,"0.126 x 0.098 x 0.080","3.2 x 2.5 x 2.0",0.08,,,,,,,,,,,Yes,,,,,murataps_store_view,
82683C,82683C,,0.2,,2550,,,"0.126 x 0.098 x 0.080","3.2 x 2.5 x 2.0",0.08,,,,,,,,,,,Yes,,,,,,
84102C,,,2.8,,80,,,"0.177 x 0.130 x 0.102","4.5 x 3.3 x 2.6",0.102,,,,,,,,,,,Yes,,,,,murataps_store_view,
84102C,84102C,,2.8,,80,,,"0.177 x 0.130 x 0.102","4.5 x 3.3 x 2.6",0.102,,,,,,,,,,,Yes,,,,,,
84103C,,,0.95,,240,,,"0.177 x 0.130 x 0.102","4.5 x 3.3 x 2.6",0.102,,,,,,,,,,,Yes,,,,,murataps_store_view,
84103C,84103C,,0.95,,240,,,"0.177 x 0.130 x 0.102","4.5 x 3.3 x 2.6",0.102,,,,,,,,,,,Yes,,,,,,
84104C,,,0.3,,2000,,,"0.177 x 0.130 x 0.102","4.5 x 3.3 x 2.6",0.102,,,,,,,,,,,Yes,,,,,murataps_store_view,
84104C,84104C,,0.3,,2000,,,"0.177 x 0.130 x 0.102","4.5 x 3.3 x 2.6",0.102,,,,,,,,,,,Yes,,,,,,
84105C,,,0.09,,18000,,,"0.177 x 0.130 x 0.102","4.5 x 3.3 x 2.6",0.102,,,,,,,,,,,Yes,,,,,murataps_store_view,
84105C,84105C,,0.09,,18000,,,"0.177 x 0.130 x 0.102","4.5 x 3.3 x 2.6",0.102,,,,,,,,,,,Yes,,,,,,
84132C,,,2.5,,80,,,"0.177 x 0.130 x 0.102","4.5 x 3.3 x 2.6",0.102,,,,,,,,,,,Yes,,,,,murataps_store_view,
84132C,84132C,,2.5,,80,,,"0.177 x 0.130 x 0.102","4.5 x 3.3 x 2.6",0.102,,,,,,,,,,,Yes,,,,,,
84153C,,,0.75,,450,,,"0.177 x 0.130 x 0.102","4.5 x 3.3 x 2.6",0.102,,,,,,,,,,,Yes,,,,,murataps_store_view,
84153C,84153C,,0.75,,450,,,"0.177 x 0.130 x 0.102","4.5 x 3.3 x 2.6",0.102,,,,,,,,,,,Yes,,,,,,
84154C,,,0.25,,3200,,,"0.177 x 0.130 x 0.102","4.5 x 3.3 x 2.6",0.102,,,,,,,,,,,Yes,,,,,murataps_store_view,
84154C,84154C,,0.25,,3200,,,"0.177 x 0.130 x 0.102","4.5 x 3.3 x 2.6",0.102,,,,,,,,,,,Yes,,,,,,
84155C,,,0.08,,27000,,,"0.177 x 0.130 x 0.102","4.5 x 3.3 x 2.6",0.102,,,,,,,,,,,Yes,,,,,murataps_store_view,
84155C,84155C,,0.08,,27000,,,"0.177 x 0.130 x 0.102","4.5 x 3.3 x 2.6",0.102,,,,,,,,,,,Yes,,,,,,
84223C,,,0.6,,600,,,"0.177 x 0.130 x 0.102","4.5 x 3.3 x 2.6",0.102,,,,,,,,,,,Yes,,,,,murataps_store_view,
84223C,84223C,,0.6,,600,,,"0.177 x 0.130 x 0.102","4.5 x 3.3 x 2.6",0.102,,,,,,,,,,,Yes,,,,,,
84224C,,,0.2,,4600,,,"0.177 x 0.130 x 0.102","4.5 x 3.3 x 2.6",0.102,,,,,,,,,,,Yes,,,,,murataps_store_view,
84224C,84224C,,0.2,,4600,,,"0.177 x 0.130 x 0.102","4.5 x 3.3 x 2.6",0.102,,,,,,,,,,,Yes,,,,,,
84225C,,,0.05,,45000,,,"0.177 x 0.130 x 0.102","4.5 x 3.3 x 2.6",0.102,,,,,,,,,,,Yes,,,,,murataps_store_view,
84225C,84225C,,0.05,,45000,,,"0.177 x 0.130 x 0.102","4.5 x 3.3 x 2.6",0.102,,,,,,,,,,,Yes,,,,,,
84332C,,,1.5,,120,,,"0.177 x 0.130 x 0.102","4.5 x 3.3 x 2.6",0.102,,,,,,,,,,,Yes,,,,,murataps_store_view,
84332C,84332C,,1.5,,120,,,"0.177 x 0.130 x 0.102","4.5 x 3.3 x 2.6",0.102,,,,,,,,,,,Yes,,,,,,
84333C,,,0.55,,860,,,"0.177 x 0.130 x 0.102","4.5 x 3.3 x 2.6",0.102,,,,,,,,,,,Yes,,,,,murataps_store_view,
84333C,84333C,,0.55,,860,,,"0.177 x 0.130 x 0.102","4.5 x 3.3 x 2.6",0.102,,,,,,,,,,,Yes,,,,,,
84334C,,,0.17,,6500,,,"0.177 x 0.130 x 0.102","4.5 x 3.3 x 2.6",0.102,,,,,,,,,,,Yes,,,,,murataps_store_view,
84334C,84334C,,0.17,,6500,,,"0.177 x 0.130 x 0.102","4.5 x 3.3 x 2.6",0.102,,,,,,,,,,,Yes,,,,,,
84472C,,,1.3,,150,,,"0.177 x 0.130 x 0.102","4.5 x 3.3 x 2.6",0.102,,,,,,,,,,,Yes,,,,,murataps_store_view,
84472C,84472C,,1.3,,150,,,"0.177 x 0.130 x 0.102","4.5 x 3.3 x 2.6",0.102,,,,,,,,,,,Yes,,,,,,
84473C,,,0.42,,1100,,,"0.177 x 0.130 x 0.102","4.5 x 3.3 x 2.6",0.102,,,,,,,,,,,Yes,,,,,murataps_store_view,
84473C,84473C,,0.42,,1100,,,"0.177 x 0.130 x 0.102","4.5 x 3.3 x 2.6",0.102,,,,,,,,,,,Yes,,,,,,
84474C,,,0.14,,8500,,,"0.177 x 0.130 x 0.102","4.5 x 3.3 x 2.6",0.102,,,,,,,,,,,Yes,,,,,murataps_store_view,
84474C,84474C,,0.14,,8500,,,"0.177 x 0.130 x 0.102","4.5 x 3.3 x 2.6",0.102,,,,,,,,,,,Yes,,,,,,
84682C,,,1.05,,200,,,"0.177 x 0.130 x 0.102","4.5 x 3.3 x 2.6",0.102,,,,,,,,,,,Yes,,,,,murataps_store_view,
84682C,84682C,,1.05,,200,,,"0.177 x 0.130 x 0.102","4.5 x 3.3 x 2.6",0.102,,,,,,,,,,,Yes,,,,,,
84683C,,,0.38,,1600,,,"0.177 x 0.130 x 0.102","4.5 x 3.3 x 2.6",0.102,,,,,,,,,,,Yes,,,,,murataps_store_view,
84683C,84683C,,0.38,,1600,,,"0.177 x 0.130 x 0.102","4.5 x 3.3 x 2.6",0.102,,,,,,,,,,,Yes,,,,,,
84684C,,,0.12,,11500,,,"0.177 x 0.130 x 0.102","4.5 x 3.3 x 2.6",0.102,,,,,,,,,,,Yes,,,,,murataps_store_view,
84684C,84684C,,0.12,,11500,,,"0.177 x 0.130 x 0.102","4.5 x 3.3 x 2.6",0.102,,,,,,,,,,,Yes,,,,,,
DA101JC,,,,,,,,"0.500 x 0.354 x 0.250","12.70 x 9.00 x 6.35",,0.25,,,,,2000,,0.36,,1.00-2.20,Yes,,"1 to 1",,15,murataps_store_view,
DA101JC,DA101JC,,,,,,,"0.500 x 0.354 x 0.250","12.70 x 9.00 x 6.35",,0.25,,,,,2000,,0.36,,1.00-2.20,Yes,,"1 to 1",,15,,
DA101JC-R,,,,,,,,"0.500 x 0.354 x 0.250","12.70 x 9.00 x 6.35",,0.25,,,,,2000,,0.36,,1.00-2.20,Yes,,"1 to 1",,15,murataps_store_view,
DA101JC-R,DA101JC-R,,,,,,,"0.500 x 0.354 x 0.250","12.70 x 9.00 x 6.35",,0.25,,,,,2000,,0.36,,1.00-2.20,Yes,,"1 to 1",,15,,
DA102JC,,,,,,,,"0.500 x 0.354 x 0.250","12.70 x 9.00 x 6.35",,0.25,,,,,2000,,0.49,,1.90-4.00,Yes,,"1 to 1",,20,murataps_store_view,
DA102JC,DA102JC,,,,,,,"0.500 x 0.354 x 0.250","12.70 x 9.00 x 6.35",,0.25,,,,,2000,,0.49,,1.90-4.00,Yes,,"1 to 1",,20,,
DA102JC-R,,,,,,,,"0.500 x 0.354 x 0.250","12.70 x 9.00 x 6.35",,0.25,,,,,2000,,0.49,,1.90-4.00,Yes,,"1 to 1",,20,murataps_store_view,
DA102JC-R,DA102JC-R,,,,,,,"0.500 x 0.354 x 0.250","12.70 x 9.00 x 6.35",,0.25,,,,,2000,,0.49,,1.90-4.00,Yes,,"1 to 1",,20,,
DA103JC,,,,,,,,"0.500 x 0.354 x 0.250","12.70 x 9.00 x 6.35",,0.25,,,,,2000,,0.91,,3.20-8.50,Yes,,"1 to 1",,28,murataps_store_view,
DA103JC,DA103JC,,,,,,,"0.500 x 0.354 x 0.250","12.70 x 9.00 x 6.35",,0.25,,,,,2000,,0.91,,3.20-8.50,Yes,,"1 to 1",,28,,
DA103JC-R,,,,,,,,"0.500 x 0.354 x 0.250","12.70 x 9.00 x 6.35",,0.25,,,,,2000,,0.91,,3.20-8.50,Yes,,"1 to 1",,28,murataps_store_view,
DA103JC-R,DA103JC-R,,,,,,,"0.500 x 0.354 x 0.250","12.70 x 9.00 x 6.35",,0.25,,,,,2000,,0.91,,3.20-8.50,Yes,,"1 to 1",,28,,
